﻿{
	"network": {
		"items": [
			{
				"id": 21,
				"label": "fred charles (2003)",
				"description": "<table><tr><td>Authors:</td><td>fred charles; miguel lozano; steven j. mead; alicia fornés bisquerra; marc cavazza</td></tr><tr><td>Title:</td><td>planning formalisms and authoring in interactive storytelling</td></tr><tr><td>Source:</td><td>[no source]</td></tr><tr><td>Year:</td><td>2003</td></tr></table>",
				"x": -0.9728,
				"y": 0.2561,
				"cluster": 2,
				"weights": {
					"Links": 1.0000,
					"Citations": 67.0000,
					"Norm. citations": 3.2077
				},
				"scores": {
					"Pub. year": 2003.0000,
					"Citations": 67.0000,
					"Norm. citations": 3.2077
				}
			},
			{
				"id": 36,
				"label": "bryan horling (2004)",
				"description": "<table><tr><td>Authors:</td><td>bryan horling; victor lesser</td></tr><tr><td>Title:</td><td>a survey of multi-agent organizational paradigms</td></tr><tr><td>Source:</td><td>the knowledge engineering review, 19(4), 281-316</td></tr><tr><td>Year:</td><td>2004</td></tr></table>",
				"url": "https://doi.org/https://doi.org/10.1017/s0269888905000317",
				"x": 1.0013,
				"y": 0.0352,
				"cluster": 1,
				"weights": {
					"Links": 3.0000,
					"Citations": 693.0000,
					"Norm. citations": 38.5095
				},
				"scores": {
					"Pub. year": 2004.0000,
					"Citations": 693.0000,
					"Norm. citations": 38.5095
				}
			},
			{
				"id": 46,
				"label": "m. tambe (1997)",
				"description": "<table><tr><td>Authors:</td><td>m. tambe</td></tr><tr><td>Title:</td><td>towards flexible teamwork</td></tr><tr><td>Source:</td><td>journal of artificial ıntelligence research, 7, 83-124</td></tr><tr><td>Year:</td><td>1997</td></tr></table>",
				"url": "https://doi.org/https://doi.org/10.1613/jair.433",
				"x": 0.2613,
				"y": -0.0219,
				"cluster": 3,
				"weights": {
					"Links": 4.0000,
					"Citations": 932.0000,
					"Norm. citations": 24.4388
				},
				"scores": {
					"Pub. year": 1997.0000,
					"Citations": 932.0000,
					"Norm. citations": 24.4388
				}
			},
			{
				"id": 77,
				"label": "michael mateas (2002)",
				"description": "<table><tr><td>Authors:</td><td>michael mateas; joseph bates; jaime carbonell</td></tr><tr><td>Title:</td><td>ınteractive drama, art and artificial intelligence</td></tr><tr><td>Source:</td><td>[no source]</td></tr><tr><td>Year:</td><td>2002</td></tr></table>",
				"x": -0.3956,
				"y": 0.0492,
				"cluster": 4,
				"weights": {
					"Links": 4.0000,
					"Citations": 188.0000,
					"Norm. citations": 10.0416
				},
				"scores": {
					"Pub. year": 2002.0000,
					"Citations": 188.0000,
					"Norm. citations": 10.0416
				}
			},
			{
				"id": 131,
				"label": "michael mateas (2001)",
				"description": "<table><tr><td>Authors:</td><td>michael mateas</td></tr><tr><td>Title:</td><td>a preliminary poetics for interactive drama and games</td></tr><tr><td>Source:</td><td>digital creativity, 12(3), 140-152</td></tr><tr><td>Year:</td><td>2001</td></tr></table>",
				"url": "https://doi.org/https://doi.org/10.1076/digc.12.3.140.3224",
				"x": -0.2126,
				"y": -0.0800,
				"cluster": 4,
				"weights": {
					"Links": 3.0000,
					"Citations": 183.0000,
					"Norm. citations": 5.2121
				},
				"scores": {
					"Pub. year": 2001.0000,
					"Citations": 183.0000,
					"Norm. citations": 5.2121
				}
			},
			{
				"id": 194,
				"label": "onn shehory (1998)",
				"description": "<table><tr><td>Authors:</td><td>onn shehory; katia sycara; prasad chalasani; somesh jha</td></tr><tr><td>Title:</td><td>agent cloning: an approach to agent mobility and resource allocation</td></tr><tr><td>Source:</td><td>ıeee communications magazine, 36(7), 58, 63-67</td></tr><tr><td>Year:</td><td>1998</td></tr></table>",
				"url": "https://doi.org/https://doi.org/10.1109/35.689632",
				"x": 1.1023,
				"y": 0.1441,
				"cluster": 1,
				"weights": {
					"Links": 1.0000,
					"Citations": 91.0000,
					"Norm. citations": 3.1686
				},
				"scores": {
					"Pub. year": 1998.0000,
					"Citations": 91.0000,
					"Norm. citations": 3.1686
				}
			},
			{
				"id": 212,
				"label": "phoebe sengers (1998)",
				"description": "<table><tr><td>Authors:</td><td>phoebe sengers; joseph bates</td></tr><tr><td>Title:</td><td>antiboxology: agent design in cultural context</td></tr><tr><td>Source:</td><td>[no source]</td></tr><tr><td>Year:</td><td>1998</td></tr></table>",
				"x": -0.6573,
				"y": -0.1374,
				"cluster": 5,
				"weights": {
					"Links": 4.0000,
					"Citations": 56.0000,
					"Norm. citations": 1.9499
				},
				"scores": {
					"Pub. year": 1998.0000,
					"Citations": 56.0000,
					"Norm. citations": 1.9499
				}
			},
			{
				"id": 447,
				"label": "michael mateas (2000)",
				"description": "<table><tr><td>Authors:</td><td>michael mateas</td></tr><tr><td>Title:</td><td>a neo-aristotelian theory of ınteractive drama</td></tr><tr><td>Source:</td><td>[no source]</td></tr><tr><td>Year:</td><td>2000</td></tr></table>",
				"x": -0.8435,
				"y": 0.1734,
				"cluster": 2,
				"weights": {
					"Links": 3.0000,
					"Citations": 53.0000,
					"Norm. citations": 1.7476
				},
				"scores": {
					"Pub. year": 2000.0000,
					"Citations": 53.0000,
					"Norm. citations": 1.7476
				}
			},
			{
				"id": 475,
				"label": "phoebe sengers (2002)",
				"description": "<table><tr><td>Authors:</td><td>phoebe sengers</td></tr><tr><td>Title:</td><td>schizophrenia and narrative in artificial agents</td></tr><tr><td>Source:</td><td>leonardo, 35(4), 427-431</td></tr><tr><td>Year:</td><td>2002</td></tr></table>",
				"url": "https://doi.org/https://doi.org/10.1162/002409402760181240",
				"x": -0.7788,
				"y": -0.2762,
				"cluster": 5,
				"weights": {
					"Links": 1.0000,
					"Citations": 23.0000,
					"Norm. citations": 1.2285
				},
				"scores": {
					"Pub. year": 2002.0000,
					"Citations": 23.0000,
					"Norm. citations": 1.2285
				}
			},
			{
				"id": 519,
				"label": "jorge simão (2001)",
				"description": "<table><tr><td>Authors:</td><td>jorge simão; yves demazeau</td></tr><tr><td>Title:</td><td>on social reasoning in multi-agent systems</td></tr><tr><td>Source:</td><td>ıntelıgencıa artıfıcıal, 5(13)</td></tr><tr><td>Year:</td><td>2001</td></tr></table>",
				"url": "https://doi.org/https://doi.org/10.4114/ia.v5i13.698",
				"x": 1.1180,
				"y": -0.0571,
				"cluster": 1,
				"weights": {
					"Links": 1.0000,
					"Citations": 56.0000,
					"Norm. citations": 1.5950
				},
				"scores": {
					"Pub. year": 2001.0000,
					"Citations": 56.0000,
					"Norm. citations": 1.5950
				}
			},
			{
				"id": 768,
				"label": "joao luis t. da silva (2002)",
				"description": "<table><tr><td>Authors:</td><td>joao luis t. da silva; yves demazeau</td></tr><tr><td>Title:</td><td>vowels co-ordination model</td></tr><tr><td>Source:</td><td>[no source]</td></tr><tr><td>Year:</td><td>2002</td></tr></table>",
				"url": "https://doi.org/https://doi.org/10.1145/545056.545083",
				"x": 0.3775,
				"y": -0.0853,
				"cluster": 3,
				"weights": {
					"Links": 1.0000,
					"Citations": 20.0000,
					"Norm. citations": 1.0683
				},
				"scores": {
					"Pub. year": 2002.0000,
					"Citations": 20.0000,
					"Norm. citations": 1.0683
				}
			}
		],
		"links": [
			{
				"source_id": 21,
				"target_id": 447
			},
			{
				"source_id": 36,
				"target_id": 46
			},
			{
				"source_id": 36,
				"target_id": 194
			},
			{
				"source_id": 36,
				"target_id": 519
			},
			{
				"source_id": 46,
				"target_id": 77
			},
			{
				"source_id": 46,
				"target_id": 131
			},
			{
				"source_id": 46,
				"target_id": 768
			},
			{
				"source_id": 77,
				"target_id": 131
			},
			{
				"source_id": 77,
				"target_id": 212
			},
			{
				"source_id": 77,
				"target_id": 447
			},
			{
				"source_id": 131,
				"target_id": 212
			},
			{
				"source_id": 212,
				"target_id": 447
			},
			{
				"source_id": 212,
				"target_id": 475
			}
		]
	}
}
