﻿{
	"network": {
		"items": [
			{
				"id": 31,
				"label": "michael hanus (2006)",
				"description": "<table><tr><td>Authors:</td><td>michael hanus</td></tr><tr><td>Title:</td><td>type-oriented construction of web user interfaces</td></tr><tr><td>Source:</td><td>[no source], 27-38</td></tr><tr><td>Year:</td><td>2006</td></tr></table>",
				"url": "https://doi.org/https://doi.org/10.1145/1140335.1140341",
				"x": -0.0004,
				"y": 0.0000,
				"cluster": 1,
				"weights": {
					"Links": 2.0000,
					"Citations": 43.0000,
					"Norm. citations": 2.7720
				},
				"scores": {
					"Pub. year": 2006.0000,
					"Citations": 43.0000,
					"Norm. citations": 2.7720
				}
			},
			{
				"id": 62,
				"label": "bernd braßel (2007)",
				"description": "<table><tr><td>Authors:</td><td>bernd braßel; michael hanus; marion müller</td></tr><tr><td>Title:</td><td>high-level database programming in curry</td></tr><tr><td>Source:</td><td>practical aspects of declarative languages, 316-332</td></tr><tr><td>Year:</td><td>2007</td></tr></table>",
				"url": "https://doi.org/https://doi.org/10.1007/978-3-540-77442-6_21",
				"x": 0.7502,
				"y": -0.0000,
				"cluster": 1,
				"weights": {
					"Links": 1.0000,
					"Citations": 19.0000,
					"Norm. citations": 0.9392
				},
				"scores": {
					"Pub. year": 2007.0000,
					"Citations": 19.0000,
					"Norm. citations": 0.9392
				}
			},
			{
				"id": 74,
				"label": "michael hanus (2007)",
				"description": "<table><tr><td>Authors:</td><td>michael hanus</td></tr><tr><td>Title:</td><td>putting declarative programming into the web</td></tr><tr><td>Source:</td><td>[no source], 155-166</td></tr><tr><td>Year:</td><td>2007</td></tr></table>",
				"url": "https://doi.org/https://doi.org/10.1145/1273920.1273942",
				"x": -0.7498,
				"y": -0.0000,
				"cluster": 2,
				"weights": {
					"Links": 1.0000,
					"Citations": 21.0000,
					"Norm. citations": 1.0381
				},
				"scores": {
					"Pub. year": 2007.0000,
					"Citations": 21.0000,
					"Norm. citations": 1.0381
				}
			}
		],
		"links": [
			{
				"source_id": 31,
				"target_id": 62
			},
			{
				"source_id": 31,
				"target_id": 74
			}
		]
	}
}
