﻿{
	"network": {
		"items": [
			{
				"id": 21,
				"label": "zhuoliang kang (2011)",
				"description": "<table><tr><td>Authors:</td><td>zhuoliang kang; kristen grauman; fei sha</td></tr><tr><td>Title:</td><td>learning with whom to share in multi-task feature learning</td></tr><tr><td>Source:</td><td>ınternational conference on machine learning, 521-528</td></tr><tr><td>Year:</td><td>2011</td></tr></table>",
				"x": 0.4663,
				"y": 0.2388,
				"cluster": 1,
				"weights": {
					"Links": 3.0000,
					"Citations": 321.0000,
					"Norm. citations": 20.6375
				},
				"scores": {
					"Pub. year": 2011.0000,
					"Citations": 321.0000,
					"Norm. citations": 20.6375
				}
			},
			{
				"id": 26,
				"label": "yu zhang (2010)",
				"description": "<table><tr><td>Authors:</td><td>yu zhang; dit‐yan yeung</td></tr><tr><td>Title:</td><td>a convex formulation for learning task relationships in multi-task learning</td></tr><tr><td>Source:</td><td>arxiv (cornell university), 733-742</td></tr><tr><td>Year:</td><td>2010</td></tr></table>",
				"x": 0.4653,
				"y": -0.2395,
				"cluster": 1,
				"weights": {
					"Links": 3.0000,
					"Citations": 343.0000,
					"Norm. citations": 21.4463
				},
				"scores": {
					"Pub. year": 2010.0000,
					"Citations": 343.0000,
					"Norm. citations": 21.4463
				}
			},
			{
				"id": 36,
				"label": "shibin parameswaran (2010)",
				"description": "<table><tr><td>Authors:</td><td>shibin parameswaran; kilian q. weinberger</td></tr><tr><td>Title:</td><td>large margin multi-task metric learning</td></tr><tr><td>Source:</td><td>neural ınformation processing systems, 23, 1867-1875</td></tr><tr><td>Year:</td><td>2010</td></tr></table>",
				"x": -0.3332,
				"y": 0.4229,
				"cluster": 3,
				"weights": {
					"Links": 3.0000,
					"Citations": 260.0000,
					"Norm. citations": 16.2566
				},
				"scores": {
					"Pub. year": 2010.0000,
					"Citations": 260.0000,
					"Norm. citations": 16.2566
				}
			},
			{
				"id": 49,
				"label": "abhishek kumar (2012a)",
				"description": "<table><tr><td>Authors:</td><td>abhishek kumar; hal daumé</td></tr><tr><td>Title:</td><td>learning task grouping and overlap in multi-task learning</td></tr><tr><td>Source:</td><td>ınternational conference on machine learning, 1723-1730</td></tr><tr><td>Year:</td><td>2012</td></tr></table>",
				"x": 0.8393,
				"y": -0.0011,
				"cluster": 1,
				"weights": {
					"Links": 2.0000,
					"Citations": 250.0000,
					"Norm. citations": 13.5718
				},
				"scores": {
					"Pub. year": 2012.0000,
					"Citations": 250.0000,
					"Norm. citations": 13.5718
				}
			},
			{
				"id": 228,
				"label": "qi liu (2010)",
				"description": "<table><tr><td>Authors:</td><td>qi liu; qian xu; vincent w. zheng; hong xue; zhiwei cao; qiang yang</td></tr><tr><td>Title:</td><td>multi-task learning for cross-platform sirna efficacy prediction: an in-silico study</td></tr><tr><td>Source:</td><td>bmc bioinformatics, 11(1)</td></tr><tr><td>Year:</td><td>2010</td></tr></table>",
				"url": "https://doi.org/https://doi.org/10.1186/1471-2105-11-181",
				"x": -0.5528,
				"y": -0.7075,
				"cluster": 2,
				"weights": {
					"Links": 1.0000,
					"Citations": 77.0000,
					"Norm. citations": 4.8145
				},
				"scores": {
					"Pub. year": 2010.0000,
					"Citations": 77.0000,
					"Norm. citations": 4.8145
				}
			},
			{
				"id": 458,
				"label": "you ji (2012)",
				"description": "<table><tr><td>Authors:</td><td>you ji; shiliang sun; yue lu</td></tr><tr><td>Title:</td><td>multitask multiclass privileged information support vector machines</td></tr><tr><td>Source:</td><td>deleted journal, 2323-2326</td></tr><tr><td>Year:</td><td>2012</td></tr></table>",
				"x": -0.5508,
				"y": 0.7085,
				"cluster": 3,
				"weights": {
					"Links": 1.0000,
					"Citations": 21.0000,
					"Norm. citations": 1.1400
				},
				"scores": {
					"Pub. year": 2012.0000,
					"Citations": 21.0000,
					"Norm. citations": 1.1400
				}
			},
			{
				"id": 717,
				"label": "yu zhang (2011)",
				"description": "<table><tr><td>Authors:</td><td>yu zhang</td></tr><tr><td>Title:</td><td>a probabilistic framework for learning task relationships in multi-task learning</td></tr><tr><td>Source:</td><td>[no source]</td></tr><tr><td>Year:</td><td>2011</td></tr></table>",
				"url": "https://doi.org/https://doi.org/10.14711/thesis-b1155168",
				"x": -0.3341,
				"y": -0.4221,
				"cluster": 2,
				"weights": {
					"Links": 3.0000,
					"Citations": 11.0000,
					"Norm. citations": 0.7072
				},
				"scores": {
					"Pub. year": 2011.0000,
					"Citations": 11.0000,
					"Norm. citations": 0.7072
				}
			}
		],
		"links": [
			{
				"source_id": 21,
				"target_id": 26
			},
			{
				"source_id": 21,
				"target_id": 36
			},
			{
				"source_id": 21,
				"target_id": 49
			},
			{
				"source_id": 26,
				"target_id": 49
			},
			{
				"source_id": 26,
				"target_id": 717
			},
			{
				"source_id": 36,
				"target_id": 458
			},
			{
				"source_id": 36,
				"target_id": 717
			},
			{
				"source_id": 228,
				"target_id": 717
			}
		]
	}
}
