﻿{
	"network": {
		"items": [
			{
				"id": 1,
				"label": "min-ling zhang (2013)",
				"description": "<table><tr><td>Authors:</td><td>min-ling zhang; zhi‐hua zhou</td></tr><tr><td>Title:</td><td>a review on multi-label learning algorithms</td></tr><tr><td>Source:</td><td>ıeee transactions on knowledge and data engineering, 26(8), 1819-1837</td></tr><tr><td>Year:</td><td>2013</td></tr></table>",
				"url": "https://doi.org/https://doi.org/10.1109/tkde.2013.39",
				"x": -0.5308,
				"y": -0.0232,
				"cluster": 1,
				"weights": {
					"Links": 6.0000,
					"Citations": 2974.0000,
					"Norm. citations": 163.7102
				},
				"scores": {
					"Pub. year": 2013.0000,
					"Citations": 2974.0000,
					"Norm. citations": 163.7102
				}
			},
			{
				"id": 17,
				"label": "yu zhang (2017)",
				"description": "<table><tr><td>Authors:</td><td>yu zhang; qiang yang</td></tr><tr><td>Title:</td><td>a survey on multi-task learning</td></tr><tr><td>Source:</td><td>arxiv (cornell university)</td></tr><tr><td>Year:</td><td>2017</td></tr></table>",
				"url": "https://doi.org/https://doi.org/10.48550/arxiv.1707.08114",
				"x": 0.5891,
				"y": -0.0249,
				"cluster": 2,
				"weights": {
					"Links": 5.0000,
					"Citations": 679.0000,
					"Norm. citations": 32.2733
				},
				"scores": {
					"Pub. year": 2017.0000,
					"Citations": 679.0000,
					"Norm. citations": 32.2733
				}
			},
			{
				"id": 34,
				"label": "minh-thang luong (2015)",
				"description": "<table><tr><td>Authors:</td><td>minh-thang luong; quoc v. le; ılya sutskever; oriol vinyals; łukasz kaiser</td></tr><tr><td>Title:</td><td>multi-task sequence to sequence learning</td></tr><tr><td>Source:</td><td>arxiv (cornell university)</td></tr><tr><td>Year:</td><td>2015</td></tr></table>",
				"url": "https://doi.org/https://doi.org/10.48550/arxiv.1511.06114",
				"x": 0.7123,
				"y": -0.2356,
				"cluster": 5,
				"weights": {
					"Links": 2.0000,
					"Citations": 652.0000,
					"Norm. citations": 35.9096
				},
				"scores": {
					"Pub. year": 2015.0000,
					"Citations": 652.0000,
					"Norm. citations": 35.9096
				}
			},
			{
				"id": 57,
				"label": "eva gibaja (2014)",
				"description": "<table><tr><td>Authors:</td><td>eva gibaja; sebastián ventura</td></tr><tr><td>Title:</td><td>multi‐label learning: a review of the state of the art and ongoing research</td></tr><tr><td>Source:</td><td>wiley ınterdisciplinary reviews data mining and knowledge discovery, 4(6), 411-444</td></tr><tr><td>Year:</td><td>2014</td></tr></table>",
				"url": "https://doi.org/https://doi.org/10.1002/widm.1139",
				"x": -0.8893,
				"y": 0.1817,
				"cluster": 3,
				"weights": {
					"Links": 2.0000,
					"Citations": 193.0000,
					"Norm. citations": 13.4349
				},
				"scores": {
					"Pub. year": 2014.0000,
					"Citations": 193.0000,
					"Norm. citations": 13.4349
				}
			},
			{
				"id": 75,
				"label": "rahul agrawal (2013)",
				"description": "<table><tr><td>Authors:</td><td>rahul agrawal; archit gupta; yashoteja prabhu; manik varma</td></tr><tr><td>Title:</td><td>multi-label learning with millions of labels</td></tr><tr><td>Source:</td><td>[no source]</td></tr><tr><td>Year:</td><td>2013</td></tr></table>",
				"url": "https://doi.org/https://doi.org/10.1145/2488388.2488391",
				"x": -1.0001,
				"y": 0.2432,
				"cluster": 3,
				"weights": {
					"Links": 2.0000,
					"Citations": 257.0000,
					"Norm. citations": 14.1471
				},
				"scores": {
					"Pub. year": 2013.0000,
					"Citations": 257.0000,
					"Norm. citations": 14.1471
				}
			},
			{
				"id": 236,
				"label": "weiwei liu (2015)",
				"description": "<table><tr><td>Authors:</td><td>weiwei liu; ıvor w. tsang</td></tr><tr><td>Title:</td><td>large margin metric learning for multi-label prediction</td></tr><tr><td>Source:</td><td>proceedings of the aaaı conference on artificial ıntelligence, 29(1)</td></tr><tr><td>Year:</td><td>2015</td></tr></table>",
				"url": "https://doi.org/https://doi.org/10.1609/aaai.v29i1.9610",
				"x": -0.6894,
				"y": -0.3010,
				"cluster": 6,
				"weights": {
					"Links": 2.0000,
					"Citations": 89.0000,
					"Norm. citations": 4.9018
				},
				"scores": {
					"Pub. year": 2015.0000,
					"Citations": 89.0000,
					"Norm. citations": 4.9018
				}
			},
			{
				"id": 283,
				"label": "weiwei liu (2017)",
				"description": "<table><tr><td>Authors:</td><td>weiwei liu; ıvor w. tsang; klaus‐robert müller</td></tr><tr><td>Title:</td><td>an easy-to-hard learning paradigm for multiple classes and multiple labels</td></tr><tr><td>Source:</td><td>journal of machine learning research, 18(1), 3300-3337</td></tr><tr><td>Year:</td><td>2017</td></tr></table>",
				"url": "https://doi.org/https://doi.org/10.5555/3122009.3176838",
				"x": -0.7165,
				"y": -0.3479,
				"cluster": 6,
				"weights": {
					"Links": 1.0000,
					"Citations": 83.0000,
					"Norm. citations": 3.9450
				},
				"scores": {
					"Pub. year": 2017.0000,
					"Citations": 83.0000,
					"Norm. citations": 3.9450
				}
			},
			{
				"id": 333,
				"label": "sulin liu (2017)",
				"description": "<table><tr><td>Authors:</td><td>sulin liu; sinno jialin pan; qirong ho</td></tr><tr><td>Title:</td><td>distributed multi-task relationship learning</td></tr><tr><td>Source:</td><td>[no source]</td></tr><tr><td>Year:</td><td>2017</td></tr></table>",
				"url": "https://doi.org/https://doi.org/10.1145/3097983.3098136",
				"x": 1.1096,
				"y": 0.2157,
				"cluster": 4,
				"weights": {
					"Links": 2.0000,
					"Citations": 61.0000,
					"Norm. citations": 2.8994
				},
				"scores": {
					"Pub. year": 2017.0000,
					"Citations": 61.0000,
					"Norm. citations": 2.8994
				}
			},
			{
				"id": 447,
				"label": "raed alazaidah (2016)",
				"description": "<table><tr><td>Authors:</td><td>raed alazaidah; farzana kabir</td></tr><tr><td>Title:</td><td>trending challenges in multi label classification</td></tr><tr><td>Source:</td><td>ınternational journal of advanced computer science and applications, 7(10)</td></tr><tr><td>Year:</td><td>2016</td></tr></table>",
				"url": "https://doi.org/https://doi.org/10.14569/ijacsa.2016.071017",
				"x": -0.4598,
				"y": -0.0909,
				"cluster": 1,
				"weights": {
					"Links": 1.0000,
					"Citations": 30.0000,
					"Norm. citations": 1.6269
				},
				"scores": {
					"Pub. year": 2016.0000,
					"Citations": 30.0000,
					"Norm. citations": 1.6269
				}
			},
			{
				"id": 448,
				"label": "liyang xie (2017)",
				"description": "<table><tr><td>Authors:</td><td>liyang xie; inci m. baytaş; kaixiang lin; jiayu zhou</td></tr><tr><td>Title:</td><td>privacy-preserving distributed multi-task learning with asynchronous updates</td></tr><tr><td>Source:</td><td>[no source], 1195-1204</td></tr><tr><td>Year:</td><td>2017</td></tr></table>",
				"url": "https://doi.org/https://doi.org/10.1145/3097983.3098152",
				"x": 1.0241,
				"y": 0.1534,
				"cluster": 4,
				"weights": {
					"Links": 3.0000,
					"Citations": 80.0000,
					"Norm. citations": 3.8025
				},
				"scores": {
					"Pub. year": 2017.0000,
					"Citations": 80.0000,
					"Norm. citations": 3.8025
				}
			},
			{
				"id": 549,
				"label": "meng fang (2015)",
				"description": "<table><tr><td>Authors:</td><td>meng fang; dacheng tao</td></tr><tr><td>Title:</td><td>active multi-task learning via bandits</td></tr><tr><td>Source:</td><td>[no source], 505-513</td></tr><tr><td>Year:</td><td>2015</td></tr></table>",
				"url": "https://doi.org/https://doi.org/10.1137/1.9781611974010.57",
				"x": 0.6224,
				"y": 0.0529,
				"cluster": 2,
				"weights": {
					"Links": 1.0000,
					"Citations": 34.0000,
					"Norm. citations": 1.8726
				},
				"scores": {
					"Pub. year": 2015.0000,
					"Citations": 34.0000,
					"Norm. citations": 1.8726
				}
			},
			{
				"id": 854,
				"label": "inci m. baytaş (2016)",
				"description": "<table><tr><td>Authors:</td><td>inci m. baytaş; ming yan; anil k. jain; jiayu zhou</td></tr><tr><td>Title:</td><td>asynchronous multi-task learning</td></tr><tr><td>Source:</td><td>[no source], 11-20</td></tr><tr><td>Year:</td><td>2016</td></tr></table>",
				"url": "https://doi.org/https://doi.org/10.1109/icdm.2016.0012",
				"x": 1.1294,
				"y": 0.1681,
				"cluster": 4,
				"weights": {
					"Links": 2.0000,
					"Citations": 45.0000,
					"Norm. citations": 2.4404
				},
				"scores": {
					"Pub. year": 2016.0000,
					"Citations": 45.0000,
					"Norm. citations": 2.4404
				}
			},
			{
				"id": 896,
				"label": "yang liu (2015)",
				"description": "<table><tr><td>Authors:</td><td>yang liu; yan liu; yu zhao; kien a. hua</td></tr><tr><td>Title:</td><td>what strikes the strings of your heart?—feature mining for music emotion analysis</td></tr><tr><td>Source:</td><td>ıeee transactions on affective computing, 6(3), 247-260</td></tr><tr><td>Year:</td><td>2015</td></tr></table>",
				"url": "https://doi.org/https://doi.org/10.1109/taffc.2015.2396151",
				"x": -0.4824,
				"y": 0.0709,
				"cluster": 1,
				"weights": {
					"Links": 1.0000,
					"Citations": 27.0000,
					"Norm. citations": 1.4871
				},
				"scores": {
					"Pub. year": 2015.0000,
					"Citations": 27.0000,
					"Norm. citations": 1.4871
				}
			},
			{
				"id": 1273,
				"label": "jorge gonzalez-lopez (2017)",
				"description": "<table><tr><td>Authors:</td><td>jorge gonzalez-lopez; alberto cano; sebastián ventura</td></tr><tr><td>Title:</td><td>large-scale multi-label ensemble learning on spark</td></tr><tr><td>Source:</td><td>[no source], 893-900</td></tr><tr><td>Year:</td><td>2017</td></tr></table>",
				"url": "https://doi.org/https://doi.org/10.1109/trustcom/bigdatase/icess.2017.328",
				"x": -1.0497,
				"y": 0.2705,
				"cluster": 3,
				"weights": {
					"Links": 1.0000,
					"Citations": 13.0000,
					"Norm. citations": 0.6179
				},
				"scores": {
					"Pub. year": 2017.0000,
					"Citations": 13.0000,
					"Norm. citations": 0.6179
				}
			},
			{
				"id": 1444,
				"label": "kaixiang lin (2016)",
				"description": "<table><tr><td>Authors:</td><td>kaixiang lin; jiayu zhou</td></tr><tr><td>Title:</td><td>ınteractive multi-task relationship learning</td></tr><tr><td>Source:</td><td>[no source], 241-250</td></tr><tr><td>Year:</td><td>2016</td></tr></table>",
				"url": "https://doi.org/https://doi.org/10.1109/icdm.2016.0035",
				"x": 0.5133,
				"y": -0.0433,
				"cluster": 2,
				"weights": {
					"Links": 1.0000,
					"Citations": 12.0000,
					"Norm. citations": 0.6508
				},
				"scores": {
					"Pub. year": 2016.0000,
					"Citations": 12.0000,
					"Norm. citations": 0.6508
				}
			},
			{
				"id": 1478,
				"label": "huiming jin (2017)",
				"description": "<table><tr><td>Authors:</td><td>huiming jin; katharina kann</td></tr><tr><td>Title:</td><td>exploring cross-lingual transfer of morphological knowledge ın sequence-to-sequence models</td></tr><tr><td>Source:</td><td>[no source], 70-75</td></tr><tr><td>Year:</td><td>2017</td></tr></table>",
				"url": "https://doi.org/https://doi.org/10.18653/v1/w17-4110",
				"x": 0.7389,
				"y": -0.2811,
				"cluster": 5,
				"weights": {
					"Links": 1.0000,
					"Citations": 11.0000,
					"Norm. citations": 0.5228
				},
				"scores": {
					"Pub. year": 2017.0000,
					"Citations": 11.0000,
					"Norm. citations": 0.5228
				}
			},
			{
				"id": 1566,
				"label": "yanming yu (2017)",
				"description": "<table><tr><td>Authors:</td><td>yanming yu; jun wang; qiaoyu tan; lianyin jia; guoxian yu</td></tr><tr><td>Title:</td><td>semi-supervised multi-label dimensionality reduction based on dependence maximization</td></tr><tr><td>Source:</td><td>ıeee access, 5, 21927-21940</td></tr><tr><td>Year:</td><td>2017</td></tr></table>",
				"url": "https://doi.org/https://doi.org/10.1109/access.2017.2760141",
				"x": -0.6211,
				"y": -0.0084,
				"cluster": 1,
				"weights": {
					"Links": 1.0000,
					"Citations": 10.0000,
					"Norm. citations": 0.4753
				},
				"scores": {
					"Pub. year": 2017.0000,
					"Citations": 10.0000,
					"Norm. citations": 0.4753
				}
			}
		],
		"links": [
			{
				"source_id": 1,
				"target_id": 17
			},
			{
				"source_id": 1,
				"target_id": 57
			},
			{
				"source_id": 1,
				"target_id": 236
			},
			{
				"source_id": 1,
				"target_id": 447
			},
			{
				"source_id": 1,
				"target_id": 896
			},
			{
				"source_id": 1,
				"target_id": 1566
			},
			{
				"source_id": 17,
				"target_id": 34
			},
			{
				"source_id": 17,
				"target_id": 448
			},
			{
				"source_id": 17,
				"target_id": 549
			},
			{
				"source_id": 17,
				"target_id": 1444
			},
			{
				"source_id": 34,
				"target_id": 1478
			},
			{
				"source_id": 57,
				"target_id": 75
			},
			{
				"source_id": 75,
				"target_id": 1273
			},
			{
				"source_id": 236,
				"target_id": 283
			},
			{
				"source_id": 333,
				"target_id": 448
			},
			{
				"source_id": 333,
				"target_id": 854
			},
			{
				"source_id": 448,
				"target_id": 854
			}
		]
	}
}
