﻿{
	"network": {
		"items": [
			{
				"id": 1,
				"label": "arthur l. samuel (1959)",
				"description": "<table><tr><td>Authors:</td><td>arthur l. samuel</td></tr><tr><td>Title:</td><td>some studies in machine learning using the game of checkers</td></tr><tr><td>Source:</td><td>ıbm journal of research and development, 3(3), 210-229</td></tr><tr><td>Year:</td><td>1959</td></tr></table>",
				"url": "https://doi.org/https://doi.org/10.1147/rd.33.0210",
				"x": -0.4664,
				"y": -0.1003,
				"cluster": 8,
				"weights": {
					"Links": 11.0000,
					"Citations": 4076.0000,
					"Norm. citations": 19.6829
				},
				"scores": {
					"Pub. year": 1959.0000,
					"Citations": 4076.0000,
					"Norm. citations": 19.6829
				}
			},
			{
				"id": 14,
				"label": "noam chomsky (1965)",
				"description": "<table><tr><td>Authors:</td><td>noam chomsky</td></tr><tr><td>Title:</td><td>aspects of the theory of syntax</td></tr><tr><td>Source:</td><td>[no source]</td></tr><tr><td>Year:</td><td>1965</td></tr></table>",
				"x": 0.4160,
				"y": -0.0236,
				"cluster": 11,
				"weights": {
					"Links": 3.0000,
					"Citations": 11282.0000,
					"Norm. citations": 41.7691
				},
				"scores": {
					"Pub. year": 1965.0000,
					"Citations": 11282.0000,
					"Norm. citations": 41.7691
				}
			},
			{
				"id": 29,
				"label": "stephen ı. gallant (1988)",
				"description": "<table><tr><td>Authors:</td><td>stephen ı. gallant</td></tr><tr><td>Title:</td><td>connectionist expert systems</td></tr><tr><td>Source:</td><td>communications of the acm, 31(2), 152-169</td></tr><tr><td>Year:</td><td>1988</td></tr></table>",
				"url": "https://doi.org/https://doi.org/10.1145/42372.42377",
				"x": -0.4380,
				"y": 0.9828,
				"cluster": 14,
				"weights": {
					"Links": 4.0000,
					"Citations": 672.0000,
					"Norm. citations": 22.6503
				},
				"scores": {
					"Pub. year": 1988.0000,
					"Citations": 672.0000,
					"Norm. citations": 22.6503
				}
			},
			{
				"id": 35,
				"label": "sholom m. weiss (1989)",
				"description": "<table><tr><td>Authors:</td><td>sholom m. weiss; ıoannis kapouleas</td></tr><tr><td>Title:</td><td>an empirical comparison of pattern recognition, neural nets, and machine learning classification methods</td></tr><tr><td>Source:</td><td>ınternational joint conference on artificial ıntelligence, 781-787</td></tr><tr><td>Year:</td><td>1989</td></tr></table>",
				"x": -0.3558,
				"y": 0.6290,
				"cluster": 5,
				"weights": {
					"Links": 2.0000,
					"Citations": 455.0000,
					"Norm. citations": 11.8296
				},
				"scores": {
					"Pub. year": 1989.0000,
					"Citations": 455.0000,
					"Norm. citations": 11.8296
				}
			},
			{
				"id": 55,
				"label": "john r. koza (1990)",
				"description": "<table><tr><td>Authors:</td><td>john r. koza</td></tr><tr><td>Title:</td><td>genetic programming: a paradigm for genetically breeding populations of computer programs to solve problems</td></tr><tr><td>Source:</td><td>[no source]</td></tr><tr><td>Year:</td><td>1990</td></tr></table>",
				"x": -0.1543,
				"y": -0.2431,
				"cluster": 4,
				"weights": {
					"Links": 8.0000,
					"Citations": 608.0000,
					"Norm. citations": 15.6865
				},
				"scores": {
					"Pub. year": 1990.0000,
					"Citations": 608.0000,
					"Norm. citations": 15.6865
				}
			},
			{
				"id": 68,
				"label": "donald a. norman (1981)",
				"description": "<table><tr><td>Authors:</td><td>donald a. norman</td></tr><tr><td>Title:</td><td>categorization of action slips.</td></tr><tr><td>Source:</td><td>psychological review, 88(1), 1-15</td></tr><tr><td>Year:</td><td>1981</td></tr></table>",
				"url": "https://doi.org/https://doi.org/10.1037/0033-295x.88.1.1",
				"x": 0.6373,
				"y": -0.0427,
				"cluster": 11,
				"weights": {
					"Links": 1.0000,
					"Citations": 1651.0000,
					"Norm. citations": 39.7373
				},
				"scores": {
					"Pub. year": 1981.0000,
					"Citations": 1651.0000,
					"Norm. citations": 39.7373
				}
			},
			{
				"id": 76,
				"label": "ference marton (1976)",
				"description": "<table><tr><td>Authors:</td><td>ference marton; roger säljö</td></tr><tr><td>Title:</td><td>on qualıtatıve dıfferences ın learnıng: ı—outcome and process*</td></tr><tr><td>Source:</td><td>british journal of educational psychology, 46(1), 4-11</td></tr><tr><td>Year:</td><td>1976</td></tr></table>",
				"url": "https://doi.org/https://doi.org/10.1111/j.2044-8279.1976.tb02980.x",
				"x": 1.2074,
				"y": -0.0922,
				"cluster": 3,
				"weights": {
					"Links": 9.0000,
					"Citations": 4467.0000,
					"Norm. citations": 97.4454
				},
				"scores": {
					"Pub. year": 1976.0000,
					"Citations": 4467.0000,
					"Norm. citations": 97.4454
				}
			},
			{
				"id": 96,
				"label": "stephen ı. gallant (1990)",
				"description": "<table><tr><td>Authors:</td><td>stephen ı. gallant</td></tr><tr><td>Title:</td><td>perceptron-based learning algorithms</td></tr><tr><td>Source:</td><td>ıeee transactions on neural networks, 1(2), 179-191</td></tr><tr><td>Year:</td><td>1990</td></tr></table>",
				"url": "https://doi.org/https://doi.org/10.1109/72.80230",
				"x": -0.4297,
				"y": 0.9946,
				"cluster": 14,
				"weights": {
					"Links": 1.0000,
					"Citations": 549.0000,
					"Norm. citations": 14.1643
				},
				"scores": {
					"Pub. year": 1990.0000,
					"Citations": 549.0000,
					"Norm. citations": 14.1643
				}
			},
			{
				"id": 101,
				"label": "david e. goldberg (1989)",
				"description": "<table><tr><td>Authors:</td><td>david e. goldberg; bradley korb; kalyanmoy deb</td></tr><tr><td>Title:</td><td>messy genetic algorithms: motivation, analysis, and first results</td></tr><tr><td>Source:</td><td>complex systems, 3</td></tr><tr><td>Year:</td><td>1989</td></tr></table>",
				"x": -0.1580,
				"y": -0.2636,
				"cluster": 4,
				"weights": {
					"Links": 1.0000,
					"Citations": 1138.0000,
					"Norm. citations": 29.5871
				},
				"scores": {
					"Pub. year": 1989.0000,
					"Citations": 1138.0000,
					"Norm. citations": 29.5871
				}
			},
			{
				"id": 111,
				"label": "john r. koza (1989)",
				"description": "<table><tr><td>Authors:</td><td>john r. koza</td></tr><tr><td>Title:</td><td>hierarchical genetic algorithms operating on populations of computer programs</td></tr><tr><td>Source:</td><td>ınternational joint conference on artificial ıntelligence, 768-774</td></tr><tr><td>Year:</td><td>1989</td></tr></table>",
				"x": -0.1352,
				"y": -0.1184,
				"cluster": 4,
				"weights": {
					"Links": 2.0000,
					"Citations": 303.0000,
					"Norm. citations": 7.8778
				},
				"scores": {
					"Pub. year": 1989.0000,
					"Citations": 303.0000,
					"Norm. citations": 7.8778
				}
			},
			{
				"id": 112,
				"label": "yves kodratoff (1990)",
				"description": "<table><tr><td>Authors:</td><td>yves kodratoff; ryszard s. michalski</td></tr><tr><td>Title:</td><td>machine learning: an artificial intelligence approach volume ııı</td></tr><tr><td>Source:</td><td>morgan kaufmann publishers ınc. ebooks</td></tr><tr><td>Year:</td><td>1990</td></tr></table>",
				"x": -0.1352,
				"y": -0.0012,
				"cluster": 4,
				"weights": {
					"Links": 7.0000,
					"Citations": 257.0000,
					"Norm. citations": 6.6306
				},
				"scores": {
					"Pub. year": 1990.0000,
					"Citations": 257.0000,
					"Norm. citations": 6.6306
				}
			},
			{
				"id": 124,
				"label": "mark e. frisse (1988)",
				"description": "<table><tr><td>Authors:</td><td>mark e. frisse</td></tr><tr><td>Title:</td><td>searching for information in a hypertext medical handbook</td></tr><tr><td>Source:</td><td>communications of the acm, 31(7), 880-886</td></tr><tr><td>Year:</td><td>1988</td></tr></table>",
				"url": "https://doi.org/https://doi.org/10.1145/48511.48518",
				"x": -0.4517,
				"y": 0.9875,
				"cluster": 14,
				"weights": {
					"Links": 1.0000,
					"Citations": 225.0000,
					"Norm. citations": 7.5838
				},
				"scores": {
					"Pub. year": 1988.0000,
					"Citations": 225.0000,
					"Norm. citations": 7.5838
				}
			},
			{
				"id": 157,
				"label": "fergus ı. m. craik (1975)",
				"description": "<table><tr><td>Authors:</td><td>fergus ı. m. craik; endel tulving</td></tr><tr><td>Title:</td><td>depth of processing and the retention of words in episodic memory.</td></tr><tr><td>Source:</td><td>journal of experimental psychology general, 104(3), 268-294</td></tr><tr><td>Year:</td><td>1975</td></tr></table>",
				"url": "https://doi.org/https://doi.org/10.1037/0096-3445.104.3.268",
				"x": 1.4079,
				"y": -0.1076,
				"cluster": 9,
				"weights": {
					"Links": 6.0000,
					"Citations": 3751.0000,
					"Norm. citations": 53.9712
				},
				"scores": {
					"Pub. year": 1975.0000,
					"Citations": 3751.0000,
					"Norm. citations": 53.9712
				}
			},
			{
				"id": 169,
				"label": "pat langley (1987)",
				"description": "<table><tr><td>Authors:</td><td>pat langley; herbert a. simon; gary l. bradshaw; jan m. żytkow</td></tr><tr><td>Title:</td><td>scientific discovery: computational explorations of the creative processes</td></tr><tr><td>Source:</td><td>[no source]</td></tr><tr><td>Year:</td><td>1987</td></tr></table>",
				"x": -0.0506,
				"y": -0.4537,
				"cluster": 13,
				"weights": {
					"Links": 3.0000,
					"Citations": 830.0000,
					"Norm. citations": 18.4100
				},
				"scores": {
					"Pub. year": 1987.0000,
					"Citations": 830.0000,
					"Norm. citations": 18.4100
				}
			},
			{
				"id": 175,
				"label": "doug lenat (1986)",
				"description": "<table><tr><td>Authors:</td><td>doug lenat; mayank prakash; mary a. shepherd</td></tr><tr><td>Title:</td><td>cyc: using common sense knowledge to overcome brittleness and knowledge acquistion bottlenecks</td></tr><tr><td>Source:</td><td>aı magazine, 6(4), 65-85</td></tr><tr><td>Year:</td><td>1986</td></tr></table>",
				"url": "https://doi.org/https://doi.org/10.1609/aimag.v6i4.510",
				"x": -0.1772,
				"y": 0.2173,
				"cluster": 7,
				"weights": {
					"Links": 4.0000,
					"Citations": 299.0000,
					"Norm. citations": 5.3341
				},
				"scores": {
					"Pub. year": 1986.0000,
					"Citations": 299.0000,
					"Norm. citations": 5.3341
				}
			},
			{
				"id": 222,
				"label": "jaime carbonell (1983)",
				"description": "<table><tr><td>Authors:</td><td>jaime carbonell; ryszard s. michalski; tom m. mitchell</td></tr><tr><td>Title:</td><td>machine learning: a historical and methodological analysis</td></tr><tr><td>Source:</td><td>aı magazine, 4(3), 69-69</td></tr><tr><td>Year:</td><td>1983</td></tr></table>",
				"url": "https://doi.org/https://doi.org/10.1609/aimag.v4i3.406",
				"x": -0.3073,
				"y": 0.0485,
				"cluster": 7,
				"weights": {
					"Links": 1.0000,
					"Citations": 69.0000,
					"Norm. citations": 2.1882
				},
				"scores": {
					"Pub. year": 1983.0000,
					"Citations": 69.0000,
					"Norm. citations": 2.1882
				}
			},
			{
				"id": 245,
				"label": "marvin minsky (1961a)",
				"description": "<table><tr><td>Authors:</td><td>marvin minsky</td></tr><tr><td>Title:</td><td>steps toward artificial ıntelligence</td></tr><tr><td>Source:</td><td>proceedings of the ıre, 49(1), 8-30</td></tr><tr><td>Year:</td><td>1961</td></tr></table>",
				"url": "https://doi.org/https://doi.org/10.1109/jrproc.1961.287775",
				"x": -0.3275,
				"y": -0.2557,
				"cluster": 1,
				"weights": {
					"Links": 13.0000,
					"Citations": 1513.0000,
					"Norm. citations": 23.5853
				},
				"scores": {
					"Pub. year": 1961.0000,
					"Citations": 1513.0000,
					"Norm. citations": 23.5853
				}
			},
			{
				"id": 260,
				"label": "michiel noordewier (1990a)",
				"description": "<table><tr><td>Authors:</td><td>michiel noordewier; geoffrey g. towell; jude shavlik</td></tr><tr><td>Title:</td><td>training knowledge-based neural networks to recognize genes in dna sequences</td></tr><tr><td>Source:</td><td>neural ınformation processing systems, 3, 530-536</td></tr><tr><td>Year:</td><td>1990</td></tr></table>",
				"x": -0.3646,
				"y": 0.7997,
				"cluster": 10,
				"weights": {
					"Links": 1.0000,
					"Citations": 147.0000,
					"Norm. citations": 3.7926
				},
				"scores": {
					"Pub. year": 1990.0000,
					"Citations": 147.0000,
					"Norm. citations": 3.7926
				}
			},
			{
				"id": 307,
				"label": "thomas ellman (1989)",
				"description": "<table><tr><td>Authors:</td><td>thomas ellman</td></tr><tr><td>Title:</td><td>explanation-based learning: a survey of programs and perspectives</td></tr><tr><td>Source:</td><td>acm computing surveys, 21(2), 163-221</td></tr><tr><td>Year:</td><td>1989</td></tr></table>",
				"url": "https://doi.org/https://doi.org/10.1145/66443.66445",
				"x": -0.1674,
				"y": 0.4737,
				"cluster": 6,
				"weights": {
					"Links": 11.0000,
					"Citations": 140.0000,
					"Norm. citations": 3.6399
				},
				"scores": {
					"Pub. year": 1989.0000,
					"Citations": 140.0000,
					"Norm. citations": 3.6399
				}
			},
			{
				"id": 316,
				"label": "erik jan van rossum (1984)",
				"description": "<table><tr><td>Authors:</td><td>erik jan van rossum; sımone m. schenk</td></tr><tr><td>Title:</td><td>the relatıonshıp between learnıng conceptıon, study strategy and learnıng outcome</td></tr><tr><td>Source:</td><td>british journal of educational psychology, 54(1), 73-83</td></tr><tr><td>Year:</td><td>1984</td></tr></table>",
				"url": "https://doi.org/https://doi.org/10.1111/j.2044-8279.1984.tb00846.x",
				"x": 1.2991,
				"y": 0.0240,
				"cluster": 3,
				"weights": {
					"Links": 1.0000,
					"Citations": 552.0000,
					"Norm. citations": 17.4583
				},
				"scores": {
					"Pub. year": 1984.0000,
					"Citations": 552.0000,
					"Norm. citations": 17.4583
				}
			},
			{
				"id": 318,
				"label": "ray j. solomonofi (1989)",
				"description": "<table><tr><td>Authors:</td><td>ray j. solomonofi</td></tr><tr><td>Title:</td><td>a system for ıncremental learnıng based on algorıthmıc probabılıty</td></tr><tr><td>Source:</td><td>[no source]</td></tr><tr><td>Year:</td><td>1989</td></tr></table>",
				"x": -0.1755,
				"y": 0.2292,
				"cluster": 7,
				"weights": {
					"Links": 1.0000,
					"Citations": 63.0000,
					"Norm. citations": 1.6379
				},
				"scores": {
					"Pub. year": 1989.0000,
					"Citations": 63.0000,
					"Norm. citations": 1.6379
				}
			},
			{
				"id": 330,
				"label": "stephen muggleton (1987)",
				"description": "<table><tr><td>Authors:</td><td>stephen muggleton</td></tr><tr><td>Title:</td><td>duce, an oracle-based approach to constructive induction</td></tr><tr><td>Source:</td><td>ınternational joint conference on artificial ıntelligence, 287-292</td></tr><tr><td>Year:</td><td>1987</td></tr></table>",
				"x": -0.3033,
				"y": 0.4300,
				"cluster": 5,
				"weights": {
					"Links": 2.0000,
					"Citations": 122.0000,
					"Norm. citations": 2.7060
				},
				"scores": {
					"Pub. year": 1987.0000,
					"Citations": 122.0000,
					"Norm. citations": 2.7060
				}
			},
			{
				"id": 337,
				"label": "jude shavlik (1989)",
				"description": "<table><tr><td>Authors:</td><td>jude shavlik; geoffrey g. towell</td></tr><tr><td>Title:</td><td>an approach to combining explanation-based and neural learning algorithms</td></tr><tr><td>Source:</td><td>connection science, 1(3), 231-253</td></tr><tr><td>Year:</td><td>1989</td></tr></table>",
				"url": "https://doi.org/https://doi.org/10.1080/09540098908915640",
				"x": -0.3729,
				"y": 0.7823,
				"cluster": 10,
				"weights": {
					"Links": 6.0000,
					"Citations": 96.0000,
					"Norm. citations": 2.4959
				},
				"scores": {
					"Pub. year": 1989.0000,
					"Citations": 96.0000,
					"Norm. citations": 2.4959
				}
			},
			{
				"id": 345,
				"label": "d. tooth (1989)",
				"description": "<table><tr><td>Authors:</td><td>d. tooth; karen l. tonge; ı. c. mcmanus</td></tr><tr><td>Title:</td><td>anxiety and study methods in preclinical students: causal relation to examination performance</td></tr><tr><td>Source:</td><td>medical education, 23(5), 416-421</td></tr><tr><td>Year:</td><td>1989</td></tr></table>",
				"url": "https://doi.org/https://doi.org/10.1111/j.1365-2923.1989.tb00896.x",
				"x": 1.3357,
				"y": -0.2864,
				"cluster": 15,
				"weights": {
					"Links": 2.0000,
					"Citations": 87.0000,
					"Norm. citations": 2.2619
				},
				"scores": {
					"Pub. year": 1989.0000,
					"Citations": 87.0000,
					"Norm. citations": 2.2619
				}
			},
			{
				"id": 350,
				"label": "david newble (1986a)",
				"description": "<table><tr><td>Authors:</td><td>david newble; noël entwistle</td></tr><tr><td>Title:</td><td>learning styles and approaches: implications for medical education</td></tr><tr><td>Source:</td><td>medical education, 20(3), 162-175</td></tr><tr><td>Year:</td><td>1986</td></tr></table>",
				"url": "https://doi.org/https://doi.org/10.1111/j.1365-2923.1986.tb01163.x",
				"x": 1.3143,
				"y": -0.2587,
				"cluster": 15,
				"weights": {
					"Links": 3.0000,
					"Citations": 558.0000,
					"Norm. citations": 9.9545
				},
				"scores": {
					"Pub. year": 1986.0000,
					"Citations": 558.0000,
					"Norm. citations": 9.9545
				}
			},
			{
				"id": 361,
				"label": "john h. holland (1989)",
				"description": "<table><tr><td>Authors:</td><td>john h. holland; keith j. holyoak; richard e. nisbett; paul thagard; stephen w. smoliar</td></tr><tr><td>Title:</td><td>ınduction: processes of ınference, learning, and discovery</td></tr><tr><td>Source:</td><td>[no source]</td></tr><tr><td>Year:</td><td>1989</td></tr></table>",
				"x": -0.1359,
				"y": -0.2644,
				"cluster": 4,
				"weights": {
					"Links": 1.0000,
					"Citations": 785.0000,
					"Norm. citations": 20.4094
				},
				"scores": {
					"Pub. year": 1989.0000,
					"Citations": 785.0000,
					"Norm. citations": 20.4094
				}
			},
			{
				"id": 374,
				"label": "pat langley (1984)",
				"description": "<table><tr><td>Authors:</td><td>pat langley; jaime carbonell</td></tr><tr><td>Title:</td><td>approaches to machine learning</td></tr><tr><td>Source:</td><td>journal of the american society for ınformation science, 35(5), 306-316</td></tr><tr><td>Year:</td><td>1984</td></tr></table>",
				"url": "https://doi.org/https://doi.org/10.1002/asi.4630350509",
				"x": -0.2987,
				"y": 0.0473,
				"cluster": 7,
				"weights": {
					"Links": 3.0000,
					"Citations": 34.0000,
					"Norm. citations": 1.0753
				},
				"scores": {
					"Pub. year": 1984.0000,
					"Citations": 34.0000,
					"Norm. citations": 1.0753
				}
			},
			{
				"id": 384,
				"label": "leonard uhr (1961)",
				"description": "<table><tr><td>Authors:</td><td>leonard uhr; charles vossler</td></tr><tr><td>Title:</td><td>a pattern recognition program that generates, evaluates, and adjusts its own operators</td></tr><tr><td>Source:</td><td>[no source], 555-555</td></tr><tr><td>Year:</td><td>1961</td></tr></table>",
				"url": "https://doi.org/https://doi.org/10.1145/1460690.1460751",
				"x": -0.4658,
				"y": -0.2479,
				"cluster": 1,
				"weights": {
					"Links": 2.0000,
					"Citations": 88.0000,
					"Norm. citations": 1.3718
				},
				"scores": {
					"Pub. year": 1961.0000,
					"Citations": 88.0000,
					"Norm. citations": 1.3718
				}
			},
			{
				"id": 391,
				"label": "john h. holland (1986)",
				"description": "<table><tr><td>Authors:</td><td>john h. holland; keith j. holyoak; richard e. nisbett; paul thagard</td></tr><tr><td>Title:</td><td>ınduction</td></tr><tr><td>Source:</td><td>[no source]</td></tr><tr><td>Year:</td><td>1986</td></tr></table>",
				"url": "https://doi.org/https://doi.org/10.7551/mitpress/3729.001.0001",
				"x": -0.1337,
				"y": -0.2423,
				"cluster": 4,
				"weights": {
					"Links": 1.0000,
					"Citations": 646.0000,
					"Norm. citations": 11.5244
				},
				"scores": {
					"Pub. year": 1986.0000,
					"Citations": 646.0000,
					"Norm. citations": 11.5244
				}
			},
			{
				"id": 396,
				"label": "andrea danyluk (1987)",
				"description": "<table><tr><td>Authors:</td><td>andrea danyluk</td></tr><tr><td>Title:</td><td>the use of explanations for similarity-based learning</td></tr><tr><td>Source:</td><td>ınternational joint conference on artificial ıntelligence, 274-276</td></tr><tr><td>Year:</td><td>1987</td></tr></table>",
				"x": -0.2928,
				"y": 0.7177,
				"cluster": 10,
				"weights": {
					"Links": 3.0000,
					"Citations": 53.0000,
					"Norm. citations": 1.1756
				},
				"scores": {
					"Pub. year": 1987.0000,
					"Citations": 53.0000,
					"Norm. citations": 1.1756
				}
			},
			{
				"id": 411,
				"label": "wray buntine (1990)",
				"description": "<table><tr><td>Authors:</td><td>wray buntine</td></tr><tr><td>Title:</td><td>myths and legends in learning classification rules</td></tr><tr><td>Source:</td><td>national conference on artificial ıntelligence, 736-742</td></tr><tr><td>Year:</td><td>1990</td></tr></table>",
				"x": -0.3348,
				"y": 0.5128,
				"cluster": 5,
				"weights": {
					"Links": 4.0000,
					"Citations": 27.0000,
					"Norm. citations": 0.6966
				},
				"scores": {
					"Pub. year": 1990.0000,
					"Citations": 27.0000,
					"Norm. citations": 0.6966
				}
			},
			{
				"id": 417,
				"label": "john biggs (1985)",
				"description": "<table><tr><td>Authors:</td><td>john biggs</td></tr><tr><td>Title:</td><td>the role of metalearnıng ın study processes</td></tr><tr><td>Source:</td><td>british journal of educational psychology, 55(3), 185-212</td></tr><tr><td>Year:</td><td>1985</td></tr></table>",
				"url": "https://doi.org/https://doi.org/10.1111/j.2044-8279.1985.tb02625.x",
				"x": 1.3416,
				"y": -0.2940,
				"cluster": 15,
				"weights": {
					"Links": 1.0000,
					"Citations": 546.0000,
					"Norm. citations": 24.0453
				},
				"scores": {
					"Pub. year": 1985.0000,
					"Citations": 546.0000,
					"Norm. citations": 24.0453
				}
			},
			{
				"id": 422,
				"label": "michael lebowitz (1986)",
				"description": "<table><tr><td>Authors:</td><td>michael lebowitz</td></tr><tr><td>Title:</td><td>not the path to perdition: the utility of similarity-based learning</td></tr><tr><td>Source:</td><td>national conference on artificial ıntelligence, 533-537</td></tr><tr><td>Year:</td><td>1986</td></tr></table>",
				"x": 0.0559,
				"y": 0.0748,
				"cluster": 11,
				"weights": {
					"Links": 3.0000,
					"Citations": 50.0000,
					"Norm. citations": 0.8920
				},
				"scores": {
					"Pub. year": 1986.0000,
					"Citations": 50.0000,
					"Norm. citations": 0.8920
				}
			},
			{
				"id": 424,
				"label": "bruce g. buchanan (1979)",
				"description": "<table><tr><td>Authors:</td><td>bruce g. buchanan; tom m. mitchell; reid g. smith; c. richard johnson</td></tr><tr><td>Title:</td><td>models of learning systems.</td></tr><tr><td>Source:</td><td>[no source]</td></tr><tr><td>Year:</td><td>1979</td></tr></table>",
				"x": -0.4557,
				"y": -0.1593,
				"cluster": 1,
				"weights": {
					"Links": 7.0000,
					"Citations": 66.0000,
					"Norm. citations": 1.7626
				},
				"scores": {
					"Pub. year": 1979.0000,
					"Citations": 66.0000,
					"Norm. citations": 1.7626
				}
			},
			{
				"id": 438,
				"label": "steven a. stahl (1986)",
				"description": "<table><tr><td>Authors:</td><td>steven a. stahl; marilyn m. fairbanks</td></tr><tr><td>Title:</td><td>the effects of vocabulary ınstruction: a model-based meta-analysis</td></tr><tr><td>Source:</td><td>review of educational research, 56(1), 72-110</td></tr><tr><td>Year:</td><td>1986</td></tr></table>",
				"url": "https://doi.org/https://doi.org/10.3102/00346543056001072",
				"x": 1.4529,
				"y": -0.1135,
				"cluster": 9,
				"weights": {
					"Links": 2.0000,
					"Citations": 957.0000,
					"Norm. citations": 17.0726
				},
				"scores": {
					"Pub. year": 1986.0000,
					"Citations": 957.0000,
					"Norm. citations": 17.0726
				}
			},
			{
				"id": 450,
				"label": "nicholas v. findler (1977)",
				"description": "<table><tr><td>Authors:</td><td>nicholas v. findler</td></tr><tr><td>Title:</td><td>studies in machine cognition using the game of poker</td></tr><tr><td>Source:</td><td>communications of the acm, 20(4), 230-245</td></tr><tr><td>Year:</td><td>1977</td></tr></table>",
				"url": "https://doi.org/https://doi.org/10.1145/359461.363617",
				"x": -0.5107,
				"y": -0.1786,
				"cluster": 8,
				"weights": {
					"Links": 4.0000,
					"Citations": 62.0000,
					"Norm. citations": 2.7602
				},
				"scores": {
					"Pub. year": 1977.0000,
					"Citations": 62.0000,
					"Norm. citations": 2.7602
				}
			},
			{
				"id": 462,
				"label": "ehud shapiro (1981)",
				"description": "<table><tr><td>Authors:</td><td>ehud shapiro</td></tr><tr><td>Title:</td><td>an algorithm that infers theories from facts</td></tr><tr><td>Source:</td><td>ınternational joint conference on artificial ıntelligence, 446-451</td></tr><tr><td>Year:</td><td>1981</td></tr></table>",
				"x": -0.0112,
				"y": -0.5207,
				"cluster": 13,
				"weights": {
					"Links": 1.0000,
					"Citations": 66.0000,
					"Norm. citations": 1.5885
				},
				"scores": {
					"Pub. year": 1981.0000,
					"Citations": 66.0000,
					"Norm. citations": 1.5885
				}
			},
			{
				"id": 487,
				"label": "david newble (1986b)",
				"description": "<table><tr><td>Authors:</td><td>david newble; rufus m. clarke</td></tr><tr><td>Title:</td><td>the approaches to learning of students in a traditional and in an innovative problem-based medical school</td></tr><tr><td>Source:</td><td>medical education, 20(4), 267-273</td></tr><tr><td>Year:</td><td>1986</td></tr></table>",
				"url": "https://doi.org/https://doi.org/10.1111/j.1365-2923.1986.tb01365.x",
				"x": 1.3150,
				"y": -0.2676,
				"cluster": 15,
				"weights": {
					"Links": 1.0000,
					"Citations": 349.0000,
					"Norm. citations": 6.2261
				},
				"scores": {
					"Pub. year": 1986.0000,
					"Citations": 349.0000,
					"Norm. citations": 6.2261
				}
			},
			{
				"id": 519,
				"label": "richard j. doyle (1986)",
				"description": "<table><tr><td>Authors:</td><td>richard j. doyle</td></tr><tr><td>Title:</td><td>constructing and refining causal explanations from an inconsistent domain theory</td></tr><tr><td>Source:</td><td>national conference on artificial ıntelligence, 538-544</td></tr><tr><td>Year:</td><td>1986</td></tr></table>",
				"x": -0.1226,
				"y": 0.5347,
				"cluster": 6,
				"weights": {
					"Links": 2.0000,
					"Citations": 47.0000,
					"Norm. citations": 0.8385
				},
				"scores": {
					"Pub. year": 1986.0000,
					"Citations": 47.0000,
					"Norm. citations": 0.8385
				}
			},
			{
				"id": 530,
				"label": "alberto m. segre (1987)",
				"description": "<table><tr><td>Authors:</td><td>alberto m. segre</td></tr><tr><td>Title:</td><td>explanation-based learning of generalized robot assembly plans</td></tr><tr><td>Source:</td><td>[no source]</td></tr><tr><td>Year:</td><td>1987</td></tr></table>",
				"x": -0.4962,
				"y": 0.2124,
				"cluster": 12,
				"weights": {
					"Links": 1.0000,
					"Citations": 18.0000,
					"Norm. citations": 0.3993
				},
				"scores": {
					"Pub. year": 1987.0000,
					"Citations": 18.0000,
					"Norm. citations": 0.3993
				}
			},
			{
				"id": 532,
				"label": "clayton lewis (1988)",
				"description": "<table><tr><td>Authors:</td><td>clayton lewis</td></tr><tr><td>Title:</td><td>why and how to learn why: analysis‐based generalization of procedures</td></tr><tr><td>Source:</td><td>cognitive science, 12(2), 211-256</td></tr><tr><td>Year:</td><td>1988</td></tr></table>",
				"url": "https://doi.org/https://doi.org/10.1207/s15516709cog1202_3",
				"x": -0.0878,
				"y": -0.0030,
				"cluster": 4,
				"weights": {
					"Links": 2.0000,
					"Citations": 102.0000,
					"Norm. citations": 3.4380
				},
				"scores": {
					"Pub. year": 1988.0000,
					"Citations": 102.0000,
					"Norm. citations": 3.4380
				}
			},
			{
				"id": 535,
				"label": "rina friedberg (1958)",
				"description": "<table><tr><td>Authors:</td><td>rina friedberg</td></tr><tr><td>Title:</td><td>a learning machine: part ı</td></tr><tr><td>Source:</td><td>ıbm journal of research and development, 2(1), 2-13</td></tr><tr><td>Year:</td><td>1958</td></tr></table>",
				"url": "https://doi.org/https://doi.org/10.1147/rd.21.0002",
				"x": -0.3645,
				"y": -0.2441,
				"cluster": 1,
				"weights": {
					"Links": 4.0000,
					"Citations": 381.0000,
					"Norm. citations": 8.5519
				},
				"scores": {
					"Pub. year": 1958.0000,
					"Citations": 381.0000,
					"Norm. citations": 8.5519
				}
			},
			{
				"id": 536,
				"label": "michael j. pazzani (1986)",
				"description": "<table><tr><td>Authors:</td><td>michael j. pazzani; michael g. dyer; margot flowers</td></tr><tr><td>Title:</td><td>the role of prior causal theories in generalization</td></tr><tr><td>Source:</td><td>national conference on artificial ıntelligence, 545-550</td></tr><tr><td>Year:</td><td>1986</td></tr></table>",
				"x": -0.1801,
				"y": 0.4944,
				"cluster": 6,
				"weights": {
					"Links": 1.0000,
					"Citations": 43.0000,
					"Norm. citations": 0.7671
				},
				"scores": {
					"Pub. year": 1986.0000,
					"Citations": 43.0000,
					"Norm. citations": 0.7671
				}
			},
			{
				"id": 543,
				"label": "paul e. utgoff (1986)",
				"description": "<table><tr><td>Authors:</td><td>paul e. utgoff</td></tr><tr><td>Title:</td><td>machine learning of ınductive bias</td></tr><tr><td>Source:</td><td>[no source]</td></tr><tr><td>Year:</td><td>1986</td></tr></table>",
				"x": -0.3676,
				"y": 0.4204,
				"cluster": 12,
				"weights": {
					"Links": 3.0000,
					"Citations": 115.0000,
					"Norm. citations": 2.0516
				},
				"scores": {
					"Pub. year": 1986.0000,
					"Citations": 115.0000,
					"Norm. citations": 2.0516
				}
			},
			{
				"id": 557,
				"label": "yoram reich (1989)",
				"description": "<table><tr><td>Authors:</td><td>yoram reich; steven j. fenves</td></tr><tr><td>Title:</td><td>the potential of machine learning techniques for expert systems</td></tr><tr><td>Source:</td><td>artificial intelligence for engineering design analysis and manufacturing, 3(3), 175-193</td></tr><tr><td>Year:</td><td>1989</td></tr></table>",
				"url": "https://doi.org/https://doi.org/10.1017/s0890060400001219",
				"x": -0.2217,
				"y": 0.0991,
				"cluster": 7,
				"weights": {
					"Links": 4.0000,
					"Citations": 16.0000,
					"Norm. citations": 0.4160
				},
				"scores": {
					"Pub. year": 1989.0000,
					"Citations": 16.0000,
					"Norm. citations": 0.4160
				}
			},
			{
				"id": 576,
				"label": "woo‐kyoung ahn (1987)",
				"description": "<table><tr><td>Authors:</td><td>woo‐kyoung ahn; raymond j. mooney; william f. brewer; gerald dejong</td></tr><tr><td>Title:</td><td>schema acquisition from one example: psychological evidence for explanation-based learning.</td></tr><tr><td>Source:</td><td>[no source]</td></tr><tr><td>Year:</td><td>1987</td></tr></table>",
				"x": -0.1372,
				"y": 0.4867,
				"cluster": 6,
				"weights": {
					"Links": 1.0000,
					"Citations": 27.0000,
					"Norm. citations": 0.5989
				},
				"scores": {
					"Pub. year": 1987.0000,
					"Citations": 27.0000,
					"Norm. citations": 0.5989
				}
			},
			{
				"id": 577,
				"label": "sridhar mahadevan (1985)",
				"description": "<table><tr><td>Authors:</td><td>sridhar mahadevan</td></tr><tr><td>Title:</td><td>verification-based learning: a generalisation strategy for inferring problem-reduction methods</td></tr><tr><td>Source:</td><td>ınternational joint conference on artificial ıntelligence, 616-623</td></tr><tr><td>Year:</td><td>1985</td></tr></table>",
				"x": -0.1158,
				"y": 0.5291,
				"cluster": 6,
				"weights": {
					"Links": 2.0000,
					"Citations": 29.0000,
					"Norm. citations": 1.2771
				},
				"scores": {
					"Pub. year": 1985.0000,
					"Citations": 29.0000,
					"Norm. citations": 1.2771
				}
			},
			{
				"id": 582,
				"label": "thomas ellman (1988)",
				"description": "<table><tr><td>Authors:</td><td>thomas ellman</td></tr><tr><td>Title:</td><td>approximate theory formation: an explanation-based approach</td></tr><tr><td>Source:</td><td>national conference on artificial ıntelligence, 570-574</td></tr><tr><td>Year:</td><td>1988</td></tr></table>",
				"url": "https://doi.org/https://doi.org/10.7916/d8pv6tfw",
				"x": -0.1453,
				"y": 0.4642,
				"cluster": 6,
				"weights": {
					"Links": 1.0000,
					"Citations": 27.0000,
					"Norm. citations": 0.9101
				},
				"scores": {
					"Pub. year": 1988.0000,
					"Citations": 27.0000,
					"Norm. citations": 0.9101
				}
			},
			{
				"id": 599,
				"label": "chee fen yu (1988)",
				"description": "<table><tr><td>Authors:</td><td>chee fen yu; benjamin w. wah</td></tr><tr><td>Title:</td><td>learning dominance relations in combined search problems</td></tr><tr><td>Source:</td><td>ıeee transactions on software engineering, 14(8), 1155-1175</td></tr><tr><td>Year:</td><td>1988</td></tr></table>",
				"url": "https://doi.org/https://doi.org/10.1109/32.7626",
				"x": -0.4896,
				"y": -0.0849,
				"cluster": 8,
				"weights": {
					"Links": 1.0000,
					"Citations": 20.0000,
					"Norm. citations": 0.6741
				},
				"scores": {
					"Pub. year": 1988.0000,
					"Citations": 20.0000,
					"Norm. citations": 0.6741
				}
			},
			{
				"id": 623,
				"label": "david c. wilkins (1987)",
				"description": "<table><tr><td>Authors:</td><td>david c. wilkins</td></tr><tr><td>Title:</td><td>apprenticeship learning techniques for knowledge based systems.</td></tr><tr><td>Source:</td><td>deep blue (university of michigan)</td></tr><tr><td>Year:</td><td>1987</td></tr></table>",
				"x": -0.4830,
				"y": 0.2172,
				"cluster": 12,
				"weights": {
					"Links": 6.0000,
					"Citations": 23.0000,
					"Norm. citations": 0.5102
				},
				"scores": {
					"Pub. year": 1987.0000,
					"Citations": 23.0000,
					"Norm. citations": 0.5102
				}
			},
			{
				"id": 626,
				"label": "bernard silver (1990)",
				"description": "<table><tr><td>Authors:</td><td>bernard silver</td></tr><tr><td>Title:</td><td>netman: a learning network traffic controller</td></tr><tr><td>Source:</td><td>[no source]</td></tr><tr><td>Year:</td><td>1990</td></tr></table>",
				"url": "https://doi.org/https://doi.org/10.1145/98894.99101",
				"x": -0.2907,
				"y": 0.7285,
				"cluster": 10,
				"weights": {
					"Links": 1.0000,
					"Citations": 16.0000,
					"Norm. citations": 0.4128
				},
				"scores": {
					"Pub. year": 1990.0000,
					"Citations": 16.0000,
					"Norm. citations": 0.4128
				}
			},
			{
				"id": 653,
				"label": "paul ramsden (1985)",
				"description": "<table><tr><td>Authors:</td><td>paul ramsden</td></tr><tr><td>Title:</td><td>student learning research: retrospect and prospect</td></tr><tr><td>Source:</td><td>higher education research & development, 4(1), 51-69</td></tr><tr><td>Year:</td><td>1985</td></tr></table>",
				"url": "https://doi.org/https://doi.org/10.1080/0729436850040104",
				"x": 1.2616,
				"y": -0.0145,
				"cluster": 3,
				"weights": {
					"Links": 4.0000,
					"Citations": 139.0000,
					"Norm. citations": 6.1214
				},
				"scores": {
					"Pub. year": 1985.0000,
					"Citations": 139.0000,
					"Norm. citations": 6.1214
				}
			},
			{
				"id": 656,
				"label": "rina friedberg (1959)",
				"description": "<table><tr><td>Authors:</td><td>rina friedberg; b. dunham; joanna north</td></tr><tr><td>Title:</td><td>a learning machine: part ıı</td></tr><tr><td>Source:</td><td>ıbm journal of research and development, 3(3), 282-287</td></tr><tr><td>Year:</td><td>1959</td></tr></table>",
				"url": "https://doi.org/https://doi.org/10.1147/rd.33.0282",
				"x": -0.4146,
				"y": -0.3262,
				"cluster": 1,
				"weights": {
					"Links": 2.0000,
					"Citations": 134.0000,
					"Norm. citations": 0.6471
				},
				"scores": {
					"Pub. year": 1959.0000,
					"Citations": 134.0000,
					"Norm. citations": 0.6471
				}
			},
			{
				"id": 659,
				"label": "larry rendell (1985)",
				"description": "<table><tr><td>Authors:</td><td>larry rendell</td></tr><tr><td>Title:</td><td>substantial constructive induction using layered information compression: tractable feature formation in search</td></tr><tr><td>Source:</td><td>ınternational joint conference on artificial ıntelligence, 650-658</td></tr><tr><td>Year:</td><td>1985</td></tr></table>",
				"x": -0.2709,
				"y": 0.3401,
				"cluster": 5,
				"weights": {
					"Links": 4.0000,
					"Citations": 57.0000,
					"Norm. citations": 2.5102
				},
				"scores": {
					"Pub. year": 1985.0000,
					"Citations": 57.0000,
					"Norm. citations": 2.5102
				}
			},
			{
				"id": 661,
				"label": "john o’keefe (1979)",
				"description": "<table><tr><td>Authors:</td><td>john o’keefe; lynn nadel</td></tr><tr><td>Title:</td><td>précis of o'keefe &amp; nadel's<i>the hippocampus as a cognitive map</i></td></tr><tr><td>Source:</td><td>behavioral and brain sciences, 2(4), 487-494</td></tr><tr><td>Year:</td><td>1979</td></tr></table>",
				"url": "https://doi.org/https://doi.org/10.1017/s0140525x00063949",
				"x": 0.4256,
				"y": -0.0243,
				"cluster": 11,
				"weights": {
					"Links": 1.0000,
					"Citations": 500.0000,
					"Norm. citations": 13.3531
				},
				"scores": {
					"Pub. year": 1979.0000,
					"Citations": 500.0000,
					"Norm. citations": 13.3531
				}
			},
			{
				"id": 665,
				"label": "roger c. schank (1986)",
				"description": "<table><tr><td>Authors:</td><td>roger c. schank; gregg collins; lawrence hunter</td></tr><tr><td>Title:</td><td>transcending inductive category formation in learning</td></tr><tr><td>Source:</td><td>behavioral and brain sciences, 9(4), 639-651</td></tr><tr><td>Year:</td><td>1986</td></tr></table>",
				"url": "https://doi.org/https://doi.org/10.1017/s0140525x00051578",
				"x": 0.1838,
				"y": -0.0040,
				"cluster": 11,
				"weights": {
					"Links": 3.0000,
					"Citations": 163.0000,
					"Norm. citations": 2.9079
				},
				"scores": {
					"Pub. year": 1986.0000,
					"Citations": 163.0000,
					"Norm. citations": 2.9079
				}
			},
			{
				"id": 666,
				"label": "marc vilain (1990)",
				"description": "<table><tr><td>Authors:</td><td>marc vilain; phyllis koton; melissa chase</td></tr><tr><td>Title:</td><td>on analytical and similarity-based classification</td></tr><tr><td>Source:</td><td>national conference on artificial ıntelligence, 867-874</td></tr><tr><td>Year:</td><td>1990</td></tr></table>",
				"x": -0.3319,
				"y": 0.4377,
				"cluster": 12,
				"weights": {
					"Links": 2.0000,
					"Citations": 15.0000,
					"Norm. citations": 0.3870
				},
				"scores": {
					"Pub. year": 1990.0000,
					"Citations": 15.0000,
					"Norm. citations": 0.3870
				}
			},
			{
				"id": 687,
				"label": "kurt vanlehn (1990a)",
				"description": "<table><tr><td>Authors:</td><td>kurt vanlehn; william e. ball; bernadette kowalski</td></tr><tr><td>Title:</td><td>explanation-based learning of correctness: towards a model of the self-explanation effect</td></tr><tr><td>Source:</td><td>[no source]</td></tr><tr><td>Year:</td><td>1990</td></tr></table>",
				"url": "https://doi.org/https://doi.org/10.21236/ada225644",
				"x": -0.0796,
				"y": -0.0034,
				"cluster": 4,
				"weights": {
					"Links": 1.0000,
					"Citations": 19.0000,
					"Norm. citations": 0.4902
				},
				"scores": {
					"Pub. year": 1990.0000,
					"Citations": 19.0000,
					"Norm. citations": 0.4902
				}
			},
			{
				"id": 692,
				"label": "patrick langley (1984)",
				"description": "<table><tr><td>Authors:</td><td>patrick langley; stellan ohlsson; stephanie sage</td></tr><tr><td>Title:</td><td>a machine learning approach to student modeling.</td></tr><tr><td>Source:</td><td>[no source]</td></tr><tr><td>Year:</td><td>1984</td></tr></table>",
				"x": -0.5140,
				"y": 0.2364,
				"cluster": 12,
				"weights": {
					"Links": 2.0000,
					"Citations": 27.0000,
					"Norm. citations": 0.8539
				},
				"scores": {
					"Pub. year": 1984.0000,
					"Citations": 27.0000,
					"Norm. citations": 0.8539
				}
			},
			{
				"id": 706,
				"label": "michiel noordewier (1990b)",
				"description": "<table><tr><td>Authors:</td><td>michiel noordewier; geoffrey g. towell; jude shavlik</td></tr><tr><td>Title:</td><td>training knowledge-based neural networks to recognize genes.</td></tr><tr><td>Source:</td><td>neural ınformation processing systems, 530-536</td></tr><tr><td>Year:</td><td>1990</td></tr></table>",
				"x": -0.3907,
				"y": 0.7890,
				"cluster": 10,
				"weights": {
					"Links": 1.0000,
					"Citations": 16.0000,
					"Norm. citations": 0.4128
				},
				"scores": {
					"Pub. year": 1990.0000,
					"Citations": 16.0000,
					"Norm. citations": 0.4128
				}
			},
			{
				"id": 712,
				"label": "richard m. keller (1983)",
				"description": "<table><tr><td>Authors:</td><td>richard m. keller</td></tr><tr><td>Title:</td><td>learning by re-expressing concepts for efficient recognition</td></tr><tr><td>Source:</td><td>national conference on artificial ıntelligence, 182-186</td></tr><tr><td>Year:</td><td>1983</td></tr></table>",
				"x": -0.1587,
				"y": 0.5051,
				"cluster": 6,
				"weights": {
					"Links": 1.0000,
					"Citations": 14.0000,
					"Norm. citations": 0.4440
				},
				"scores": {
					"Pub. year": 1983.0000,
					"Citations": 14.0000,
					"Norm. citations": 0.4440
				}
			},
			{
				"id": 750,
				"label": "b w koehn (1986)",
				"description": "<table><tr><td>Authors:</td><td>b w koehn; jan m. żytkow</td></tr><tr><td>Title:</td><td>experimenting and theorizing in theory formation</td></tr><tr><td>Source:</td><td>[no source], 296-307</td></tr><tr><td>Year:</td><td>1986</td></tr></table>",
				"url": "https://doi.org/https://doi.org/10.1145/12808.12843",
				"x": -0.0459,
				"y": -0.4620,
				"cluster": 13,
				"weights": {
					"Links": 1.0000,
					"Citations": 27.0000,
					"Norm. citations": 0.4817
				},
				"scores": {
					"Pub. year": 1986.0000,
					"Citations": 27.0000,
					"Norm. citations": 0.4817
				}
			},
			{
				"id": 762,
				"label": "lars owe dahlgren (1978)",
				"description": "<table><tr><td>Authors:</td><td>lars owe dahlgren; ference marton</td></tr><tr><td>Title:</td><td>students' conceptions of subject matter: an aspect of learning and teaching in higher education</td></tr><tr><td>Source:</td><td>studies in higher education, 3(1), 25-35</td></tr><tr><td>Year:</td><td>1978</td></tr></table>",
				"url": "https://doi.org/https://doi.org/10.1080/03075077812331376316",
				"x": 1.2292,
				"y": -0.0057,
				"cluster": 3,
				"weights": {
					"Links": 3.0000,
					"Citations": 122.0000,
					"Norm. citations": 7.6250
				},
				"scores": {
					"Pub. year": 1978.0000,
					"Citations": 122.0000,
					"Norm. citations": 7.6250
				}
			},
			{
				"id": 763,
				"label": "h. gelernter (1958)",
				"description": "<table><tr><td>Authors:</td><td>h. gelernter; n rochester</td></tr><tr><td>Title:</td><td>ıntelligent behavior in problem-solving machines</td></tr><tr><td>Source:</td><td>ıbm journal of research and development, 2(4), 336-345</td></tr><tr><td>Year:</td><td>1958</td></tr></table>",
				"url": "https://doi.org/https://doi.org/10.1147/rd.24.0336",
				"x": -0.3056,
				"y": -0.2701,
				"cluster": 1,
				"weights": {
					"Links": 1.0000,
					"Citations": 102.0000,
					"Norm. citations": 2.2895
				},
				"scores": {
					"Pub. year": 1958.0000,
					"Citations": 102.0000,
					"Norm. citations": 2.2895
				}
			},
			{
				"id": 815,
				"label": "elliot b. koffman (1968)",
				"description": "<table><tr><td>Authors:</td><td>elliot b. koffman</td></tr><tr><td>Title:</td><td>learning games through pattern recognition</td></tr><tr><td>Source:</td><td>ıeee transactions on systems science and cybernetics, 4(1), 12-16</td></tr><tr><td>Year:</td><td>1968</td></tr></table>",
				"url": "https://doi.org/https://doi.org/10.1109/tssc.1968.300182",
				"x": -0.4711,
				"y": -0.1336,
				"cluster": 1,
				"weights": {
					"Links": 2.0000,
					"Citations": 18.0000,
					"Norm. citations": 0.4615
				},
				"scores": {
					"Pub. year": 1968.0000,
					"Citations": 18.0000,
					"Norm. citations": 0.4615
				}
			},
			{
				"id": 841,
				"label": "stellan ohlsson (1985)",
				"description": "<table><tr><td>Authors:</td><td>stellan ohlsson; patrick langley</td></tr><tr><td>Title:</td><td>ıdentifying solution paths in cognitive diagnosis.</td></tr><tr><td>Source:</td><td>[no source]</td></tr><tr><td>Year:</td><td>1985</td></tr></table>",
				"x": -0.5192,
				"y": 0.2298,
				"cluster": 12,
				"weights": {
					"Links": 2.0000,
					"Citations": 27.0000,
					"Norm. citations": 1.1891
				},
				"scores": {
					"Pub. year": 1985.0000,
					"Citations": 27.0000,
					"Norm. citations": 1.1891
				}
			},
			{
				"id": 843,
				"label": "christopher j. matheus (1987)",
				"description": "<table><tr><td>Authors:</td><td>christopher j. matheus; william e. hohensee</td></tr><tr><td>Title:</td><td>learning in artificial neural systems</td></tr><tr><td>Source:</td><td>computational ıntelligence, 3(1), 283-294</td></tr><tr><td>Year:</td><td>1987</td></tr></table>",
				"url": "https://doi.org/https://doi.org/10.1111/j.1467-8640.1987.tb00215.x",
				"x": -0.2824,
				"y": 0.3399,
				"cluster": 5,
				"weights": {
					"Links": 1.0000,
					"Citations": 10.0000,
					"Norm. citations": 0.2218
				},
				"scores": {
					"Pub. year": 1987.0000,
					"Citations": 10.0000,
					"Norm. citations": 0.2218
				}
			},
			{
				"id": 873,
				"label": "wei‐min shen (1990)",
				"description": "<table><tr><td>Authors:</td><td>wei‐min shen</td></tr><tr><td>Title:</td><td>complementary discrimination learning: a duality between generalization and discrimination</td></tr><tr><td>Source:</td><td>national conference on artificial ıntelligence, 834-839</td></tr><tr><td>Year:</td><td>1990</td></tr></table>",
				"x": -0.0236,
				"y": -0.5268,
				"cluster": 13,
				"weights": {
					"Links": 1.0000,
					"Citations": 10.0000,
					"Norm. citations": 0.2580
				},
				"scores": {
					"Pub. year": 1990.0000,
					"Citations": 10.0000,
					"Norm. citations": 0.2580
				}
			},
			{
				"id": 881,
				"label": "nicholas v. findler (1974)",
				"description": "<table><tr><td>Authors:</td><td>nicholas v. findler; heinz k. klein; reese johnson; alexander kowal; zachary h. levine; john menig</td></tr><tr><td>Title:</td><td>heuristic programmers and their gambling machines</td></tr><tr><td>Source:</td><td>[no source], 28-37</td></tr><tr><td>Year:</td><td>1974</td></tr></table>",
				"url": "https://doi.org/https://doi.org/10.1145/800182.810376",
				"x": -0.5265,
				"y": -0.1840,
				"cluster": 8,
				"weights": {
					"Links": 1.0000,
					"Citations": 10.0000,
					"Norm. citations": 0.4541
				},
				"scores": {
					"Pub. year": 1974.0000,
					"Citations": 10.0000,
					"Norm. citations": 0.4541
				}
			},
			{
				"id": 888,
				"label": "wei‐min shen (1989)",
				"description": "<table><tr><td>Authors:</td><td>wei‐min shen</td></tr><tr><td>Title:</td><td>learning from the environment based on percepts and actions</td></tr><tr><td>Source:</td><td>[no source]</td></tr><tr><td>Year:</td><td>1989</td></tr></table>",
				"x": -0.0222,
				"y": -0.5138,
				"cluster": 13,
				"weights": {
					"Links": 3.0000,
					"Citations": 22.0000,
					"Norm. citations": 0.5720
				},
				"scores": {
					"Pub. year": 1989.0000,
					"Citations": 22.0000,
					"Norm. citations": 0.5720
				}
			},
			{
				"id": 923,
				"label": "pat langley (1986)",
				"description": "<table><tr><td>Authors:</td><td>pat langley; bernd nordhausen</td></tr><tr><td>Title:</td><td>a framework for empirical discovery.</td></tr><tr><td>Source:</td><td>[no source]</td></tr><tr><td>Year:</td><td>1986</td></tr></table>",
				"x": -0.2143,
				"y": 0.1055,
				"cluster": 7,
				"weights": {
					"Links": 1.0000,
					"Citations": 10.0000,
					"Norm. citations": 0.1784
				},
				"scores": {
					"Pub. year": 1986.0000,
					"Citations": 10.0000,
					"Norm. citations": 0.1784
				}
			},
			{
				"id": 963,
				"label": "jin hee kim (1987)",
				"description": "<table><tr><td>Authors:</td><td>jin hee kim; judea pearl</td></tr><tr><td>Title:</td><td>convince: a conversational ınference consolidation engine</td></tr><tr><td>Source:</td><td>ıeee transactions on systems man and cybernetics, 17(2), 120-132</td></tr><tr><td>Year:</td><td>1987</td></tr></table>",
				"url": "https://doi.org/https://doi.org/10.1109/tsmc.1987.4309025",
				"x": -0.4440,
				"y": 1.0013,
				"cluster": 14,
				"weights": {
					"Links": 1.0000,
					"Citations": 62.0000,
					"Norm. citations": 1.3752
				},
				"scores": {
					"Pub. year": 1987.0000,
					"Citations": 62.0000,
					"Norm. citations": 1.3752
				}
			},
			{
				"id": 1044,
				"label": "catherine cole (1987)",
				"description": "<table><tr><td>Authors:</td><td>catherine cole; michael houston</td></tr><tr><td>Title:</td><td>encoding and media effects on consumer learning deficiencies in the elderly</td></tr><tr><td>Source:</td><td>journal of marketing research, 24(1), 55-63</td></tr><tr><td>Year:</td><td>1987</td></tr></table>",
				"url": "https://doi.org/https://doi.org/10.1177/002224378702400105",
				"x": 1.4218,
				"y": -0.0964,
				"cluster": 9,
				"weights": {
					"Links": 1.0000,
					"Citations": 76.0000,
					"Norm. citations": 1.6857
				},
				"scores": {
					"Pub. year": 1987.0000,
					"Citations": 76.0000,
					"Norm. citations": 1.6857
				}
			},
			{
				"id": 1053,
				"label": "david watkins (1982)",
				"description": "<table><tr><td>Authors:</td><td>david watkins</td></tr><tr><td>Title:</td><td>ıdentifying the study process dimensions of australian university students</td></tr><tr><td>Source:</td><td>australian journal of education, 26(1), 76-85</td></tr><tr><td>Year:</td><td>1982</td></tr></table>",
				"url": "https://doi.org/https://doi.org/10.1177/000494418202600106",
				"x": 1.2506,
				"y": -0.0424,
				"cluster": 3,
				"weights": {
					"Links": 2.0000,
					"Citations": 99.0000,
					"Norm. citations": 2.6701
				},
				"scores": {
					"Pub. year": 1982.0000,
					"Citations": 99.0000,
					"Norm. citations": 2.6701
				}
			},
			{
				"id": 1092,
				"label": "stuart russell (1987a)",
				"description": "<table><tr><td>Authors:</td><td>stuart russell; benjamin n. grosof</td></tr><tr><td>Title:</td><td>a declarative approach to bias in concept learning</td></tr><tr><td>Source:</td><td>national conference on artificial ıntelligence, 505-510</td></tr><tr><td>Year:</td><td>1987</td></tr></table>",
				"x": -0.2972,
				"y": 0.5385,
				"cluster": 5,
				"weights": {
					"Links": 3.0000,
					"Citations": 51.0000,
					"Norm. citations": 1.1312
				},
				"scores": {
					"Pub. year": 1987.0000,
					"Citations": 51.0000,
					"Norm. citations": 1.1312
				}
			},
			{
				"id": 1106,
				"label": "helen boyd (1985)",
				"description": "<table><tr><td>Authors:</td><td>helen boyd; john cowan</td></tr><tr><td>Title:</td><td>a case for self‐assessment based on recent studıes of student learnıng</td></tr><tr><td>Source:</td><td>assessment & evaluation in higher education, 10(3), 225-235</td></tr><tr><td>Year:</td><td>1985</td></tr></table>",
				"url": "https://doi.org/https://doi.org/10.1080/0260293850100304",
				"x": 1.1893,
				"y": -0.1009,
				"cluster": 3,
				"weights": {
					"Links": 1.0000,
					"Citations": 51.0000,
					"Norm. citations": 2.2460
				},
				"scores": {
					"Pub. year": 1985.0000,
					"Citations": 51.0000,
					"Norm. citations": 2.2460
				}
			},
			{
				"id": 1143,
				"label": "p. c. jurs (1969a)",
				"description": "<table><tr><td>Authors:</td><td>p. c. jurs; bruce r. kowalski; t. l. ısenhour</td></tr><tr><td>Title:</td><td>computerized learning machines applied to chemical problems. molecular formula determination from low resolution mass spectrometry</td></tr><tr><td>Source:</td><td>analytical chemistry, 41(1), 21-27</td></tr><tr><td>Year:</td><td>1969</td></tr></table>",
				"url": "https://doi.org/https://doi.org/10.1021/ac60270a002",
				"x": -0.7503,
				"y": -0.7180,
				"cluster": 2,
				"weights": {
					"Links": 7.0000,
					"Citations": 144.0000,
					"Norm. citations": 1.2006
				},
				"scores": {
					"Pub. year": 1969.0000,
					"Citations": 144.0000,
					"Norm. citations": 1.2006
				}
			},
			{
				"id": 1155,
				"label": "bernadette m. gadzella (1987)",
				"description": "<table><tr><td>Authors:</td><td>bernadette m. gadzella; dean w. ginther; j. david williamson</td></tr><tr><td>Title:</td><td>study skills, learning processes and academic achievement</td></tr><tr><td>Source:</td><td>psychological reports, 61(1), 167-172</td></tr><tr><td>Year:</td><td>1987</td></tr></table>",
				"url": "https://doi.org/https://doi.org/10.2466/pr0.1987.61.1.167",
				"x": 1.3382,
				"y": -0.0957,
				"cluster": 9,
				"weights": {
					"Links": 2.0000,
					"Citations": 27.0000,
					"Norm. citations": 0.5989
				},
				"scores": {
					"Pub. year": 1987.0000,
					"Citations": 27.0000,
					"Norm. citations": 0.5989
				}
			},
			{
				"id": 1188,
				"label": "ronald r. schmeck (1978)",
				"description": "<table><tr><td>Authors:</td><td>ronald r. schmeck; fred ribich</td></tr><tr><td>Title:</td><td>construct validation of the ınventory of learning processes</td></tr><tr><td>Source:</td><td>applied psychological measurement, 2(4), 551-562</td></tr><tr><td>Year:</td><td>1978</td></tr></table>",
				"url": "https://doi.org/https://doi.org/10.1177/014662167800200410",
				"x": 1.3329,
				"y": -0.1126,
				"cluster": 9,
				"weights": {
					"Links": 2.0000,
					"Citations": 65.0000,
					"Norm. citations": 4.0625
				},
				"scores": {
					"Pub. year": 1978.0000,
					"Citations": 65.0000,
					"Norm. citations": 4.0625
				}
			},
			{
				"id": 1203,
				"label": "kathleen fisher (1986)",
				"description": "<table><tr><td>Authors:</td><td>kathleen fisher; joseph ı. lipson</td></tr><tr><td>Title:</td><td>twenty questions about student errors</td></tr><tr><td>Source:</td><td>journal of research in science teaching, 23(9), 783-803</td></tr><tr><td>Year:</td><td>1986</td></tr></table>",
				"url": "https://doi.org/https://doi.org/10.1002/tea.3660230904",
				"x": 0.6279,
				"y": -0.0419,
				"cluster": 11,
				"weights": {
					"Links": 3.0000,
					"Citations": 68.0000,
					"Norm. citations": 1.2131
				},
				"scores": {
					"Pub. year": 1986.0000,
					"Citations": 68.0000,
					"Norm. citations": 1.2131
				}
			},
			{
				"id": 1417,
				"label": "shankar a. rajamoney (1990)",
				"description": "<table><tr><td>Authors:</td><td>shankar a. rajamoney</td></tr><tr><td>Title:</td><td>explanation-based theory revision: an approach to the problems of incomplete and incorrect theories</td></tr><tr><td>Source:</td><td>[no source]</td></tr><tr><td>Year:</td><td>1990</td></tr></table>",
				"x": -0.3822,
				"y": 0.8059,
				"cluster": 10,
				"weights": {
					"Links": 1.0000,
					"Citations": 24.0000,
					"Norm. citations": 0.6192
				},
				"scores": {
					"Pub. year": 1990.0000,
					"Citations": 24.0000,
					"Norm. citations": 0.6192
				}
			},
			{
				"id": 1440,
				"label": "t. l. ısenhour (1974)",
				"description": "<table><tr><td>Authors:</td><td>t. l. ısenhour; bruce r. kowalski; p. c. jurs; louis meites</td></tr><tr><td>Title:</td><td>applications of pattern recognition to chemistry</td></tr><tr><td>Source:</td><td>c r c critical reviews in analytical chemistry, 4(1), 1-44</td></tr><tr><td>Year:</td><td>1974</td></tr></table>",
				"url": "https://doi.org/https://doi.org/10.1080/10408347408542669",
				"x": -0.8325,
				"y": -0.8225,
				"cluster": 2,
				"weights": {
					"Links": 7.0000,
					"Citations": 30.0000,
					"Norm. citations": 1.3624
				},
				"scores": {
					"Pub. year": 1974.0000,
					"Citations": 30.0000,
					"Norm. citations": 1.3624
				}
			},
			{
				"id": 1495,
				"label": "paul d. scott (1983a)",
				"description": "<table><tr><td>Authors:</td><td>paul d. scott</td></tr><tr><td>Title:</td><td>learning: the construction of a posteriori knowledge structures</td></tr><tr><td>Source:</td><td>national conference on artificial ıntelligence, 359-363</td></tr><tr><td>Year:</td><td>1983</td></tr></table>",
				"x": -0.5882,
				"y": -0.0893,
				"cluster": 8,
				"weights": {
					"Links": 2.0000,
					"Citations": 15.0000,
					"Norm. citations": 0.4757
				},
				"scores": {
					"Pub. year": 1983.0000,
					"Citations": 15.0000,
					"Norm. citations": 0.4757
				}
			},
			{
				"id": 1505,
				"label": "bruce r. kowalski (1969a)",
				"description": "<table><tr><td>Authors:</td><td>bruce r. kowalski; p. c. jurs; t. l. ısenhour; charles n. reilley</td></tr><tr><td>Title:</td><td>computerized learning machines applied to chemical problems. ınterpretation of infrared spectrometry data</td></tr><tr><td>Source:</td><td>analytical chemistry, 41(14), 1945-1949</td></tr><tr><td>Year:</td><td>1969</td></tr></table>",
				"url": "https://doi.org/https://doi.org/10.1021/ac50159a026",
				"x": -0.8567,
				"y": -0.8127,
				"cluster": 2,
				"weights": {
					"Links": 4.0000,
					"Citations": 69.0000,
					"Norm. citations": 0.5753
				},
				"scores": {
					"Pub. year": 1969.0000,
					"Citations": 69.0000,
					"Norm. citations": 0.5753
				}
			},
			{
				"id": 1540,
				"label": "steven a. stahl (1985)",
				"description": "<table><tr><td>Authors:</td><td>steven a. stahl</td></tr><tr><td>Title:</td><td>to teach a word well: a framework for vocabulary instruction</td></tr><tr><td>Source:</td><td>reading world, 24(3), 16-27</td></tr><tr><td>Year:</td><td>1985</td></tr></table>",
				"url": "https://doi.org/https://doi.org/10.1080/19388078509557828",
				"x": 1.4533,
				"y": -0.1049,
				"cluster": 9,
				"weights": {
					"Links": 2.0000,
					"Citations": 28.0000,
					"Norm. citations": 1.2331
				},
				"scores": {
					"Pub. year": 1985.0000,
					"Citations": 28.0000,
					"Norm. citations": 1.2331
				}
			},
			{
				"id": 1554,
				"label": "p. c. jurs (1969b)",
				"description": "<table><tr><td>Authors:</td><td>p. c. jurs; bruce r. kowalski; t. l. ısenhour; charles n. reilley</td></tr><tr><td>Title:</td><td>computerized learning machines applied to chemical problems. convergence rate and predictive ability of adaptive binary pattern classifiers</td></tr><tr><td>Source:</td><td>analytical chemistry, 41(6), 690-695</td></tr><tr><td>Year:</td><td>1969</td></tr></table>",
				"url": "https://doi.org/https://doi.org/10.1021/ac60275a025",
				"x": -0.8698,
				"y": -0.8370,
				"cluster": 2,
				"weights": {
					"Links": 3.0000,
					"Citations": 63.0000,
					"Norm. citations": 0.5253
				},
				"scores": {
					"Pub. year": 1969.0000,
					"Citations": 63.0000,
					"Norm. citations": 0.5253
				}
			},
			{
				"id": 1564,
				"label": "bruce r. kowalski (1969b)",
				"description": "<table><tr><td>Authors:</td><td>bruce r. kowalski; p. c. jurs; t. l. ısenhour; charles n. reilley</td></tr><tr><td>Title:</td><td>computerized learning machines applied to chemical problems. multicategory pattern classification by least squares</td></tr><tr><td>Source:</td><td>analytical chemistry, 41(6), 695-700</td></tr><tr><td>Year:</td><td>1969</td></tr></table>",
				"url": "https://doi.org/https://doi.org/10.1021/ac60275a026",
				"x": -0.8755,
				"y": -0.8273,
				"cluster": 2,
				"weights": {
					"Links": 3.0000,
					"Citations": 61.0000,
					"Norm. citations": 0.5086
				},
				"scores": {
					"Pub. year": 1969.0000,
					"Citations": 61.0000,
					"Norm. citations": 0.5086
				}
			},
			{
				"id": 1567,
				"label": "ıan paul selmes (1986)",
				"description": "<table><tr><td>Authors:</td><td>ıan paul selmes</td></tr><tr><td>Title:</td><td>approaches to normal learning tasks adopted by senior secondary school pupils</td></tr><tr><td>Source:</td><td>british educational research journal, 12(1), 15-27</td></tr><tr><td>Year:</td><td>1986</td></tr></table>",
				"url": "https://doi.org/https://doi.org/10.1080/0141192860120102",
				"x": 1.2925,
				"y": 0.0172,
				"cluster": 3,
				"weights": {
					"Links": 2.0000,
					"Citations": 12.0000,
					"Norm. citations": 0.2141
				},
				"scores": {
					"Pub. year": 1986.0000,
					"Citations": 12.0000,
					"Norm. citations": 0.2141
				}
			},
			{
				"id": 1589,
				"label": "marvin minsky (1961b)",
				"description": "<table><tr><td>Authors:</td><td>marvin minsky</td></tr><tr><td>Title:</td><td>descriptive languages and problem solving</td></tr><tr><td>Source:</td><td>[no source], 215-215</td></tr><tr><td>Year:</td><td>1961</td></tr></table>",
				"url": "https://doi.org/https://doi.org/10.1145/1460690.1460713",
				"x": -0.4164,
				"y": -0.3058,
				"cluster": 1,
				"weights": {
					"Links": 2.0000,
					"Citations": 14.0000,
					"Norm. citations": 0.2182
				},
				"scores": {
					"Pub. year": 1961.0000,
					"Citations": 14.0000,
					"Norm. citations": 0.2182
				}
			},
			{
				"id": 1599,
				"label": "peter c. jurs (1970)",
				"description": "<table><tr><td>Authors:</td><td>peter c. jurs; bruce r. kowalski; t. l. ısenhour; charles n. reilley</td></tr><tr><td>Title:</td><td>computerized learning machines applied to chemical problems. molecular structure parameters from low resolution mass spectrometry</td></tr><tr><td>Source:</td><td>analytical chemistry, 42(12), 1387-1394</td></tr><tr><td>Year:</td><td>1970</td></tr></table>",
				"url": "https://doi.org/https://doi.org/10.1021/ac60294a015",
				"x": -0.7961,
				"y": -0.7623,
				"cluster": 2,
				"weights": {
					"Links": 3.0000,
					"Citations": 53.0000,
					"Norm. citations": 2.7152
				},
				"scores": {
					"Pub. year": 1970.0000,
					"Citations": 53.0000,
					"Norm. citations": 2.7152
				}
			},
			{
				"id": 1601,
				"label": "hidetsugu abe (1976)",
				"description": "<table><tr><td>Authors:</td><td>hidetsugu abe; satoru kumazawa; toyoaki taji; shin‐ichi sasaki</td></tr><tr><td>Title:</td><td>applications of computerized pattern recognition: a survey of correlations between pharmacological activities and mass spectra</td></tr><tr><td>Source:</td><td>biological mass spectrometry, 3(4), 151-154</td></tr><tr><td>Year:</td><td>1976</td></tr></table>",
				"url": "https://doi.org/https://doi.org/10.1002/bms.1200030402",
				"x": -0.7792,
				"y": -0.8247,
				"cluster": 2,
				"weights": {
					"Links": 1.0000,
					"Citations": 13.0000,
					"Norm. citations": 0.2836
				},
				"scores": {
					"Pub. year": 1976.0000,
					"Citations": 13.0000,
					"Norm. citations": 0.2836
				}
			},
			{
				"id": 1607,
				"label": "p.f. spelt (1989)",
				"description": "<table><tr><td>Authors:</td><td>p.f. spelt; g. de saussure; eric lyness; f.g. pin; c.r. weisbin</td></tr><tr><td>Title:</td><td>learning by an autonomous robot at a process control panel</td></tr><tr><td>Source:</td><td>ıeee expert, 4(4), 8-16</td></tr><tr><td>Year:</td><td>1989</td></tr></table>",
				"url": "https://doi.org/https://doi.org/10.1109/64.43281",
				"x": -0.2006,
				"y": -0.0932,
				"cluster": 4,
				"weights": {
					"Links": 2.0000,
					"Citations": 19.0000,
					"Norm. citations": 0.4940
				},
				"scores": {
					"Pub. year": 1989.0000,
					"Citations": 19.0000,
					"Norm. citations": 0.4940
				}
			},
			{
				"id": 1619,
				"label": "paul d. scott (1983b)",
				"description": "<table><tr><td>Authors:</td><td>paul d. scott; robert vogt</td></tr><tr><td>Title:</td><td>knowledge oriented learning</td></tr><tr><td>Source:</td><td>ınternational joint conference on artificial ıntelligence, 432-435</td></tr><tr><td>Year:</td><td>1983</td></tr></table>",
				"x": -0.5978,
				"y": -0.0886,
				"cluster": 8,
				"weights": {
					"Links": 1.0000,
					"Citations": 12.0000,
					"Norm. citations": 0.3806
				},
				"scores": {
					"Pub. year": 1983.0000,
					"Citations": 12.0000,
					"Norm. citations": 0.3806
				}
			},
			{
				"id": 1632,
				"label": "george brown (1983)",
				"description": "<table><tr><td>Authors:</td><td>george brown</td></tr><tr><td>Title:</td><td>studies of student learning: ımplications for medical teaching</td></tr><tr><td>Source:</td><td>medical teacher, 5(2), 52-56</td></tr><tr><td>Year:</td><td>1983</td></tr></table>",
				"url": "https://doi.org/https://doi.org/10.3109/01421598309147563",
				"x": 1.2179,
				"y": -0.0277,
				"cluster": 3,
				"weights": {
					"Links": 2.0000,
					"Citations": 11.0000,
					"Norm. citations": 0.3488
				},
				"scores": {
					"Pub. year": 1983.0000,
					"Citations": 11.0000,
					"Norm. citations": 0.3488
				}
			},
			{
				"id": 1655,
				"label": "douglas b. lenat (1983)",
				"description": "<table><tr><td>Authors:</td><td>douglas b. lenat; alan borning; david w. mcdonald; craig d. taylor; steven weyer</td></tr><tr><td>Title:</td><td>knoesphere: building expert systems with encyclopedic knowledge</td></tr><tr><td>Source:</td><td>[no source], 167-169</td></tr><tr><td>Year:</td><td>1983</td></tr></table>",
				"x": -0.1649,
				"y": 0.2147,
				"cluster": 7,
				"weights": {
					"Links": 1.0000,
					"Citations": 35.0000,
					"Norm. citations": 1.1099
				},
				"scores": {
					"Pub. year": 1983.0000,
					"Citations": 35.0000,
					"Norm. citations": 1.1099
				}
			},
			{
				"id": 1659,
				"label": "keith trigwell (1987)",
				"description": "<table><tr><td>Authors:</td><td>keith trigwell</td></tr><tr><td>Title:</td><td>the crıb card examınatıon system</td></tr><tr><td>Source:</td><td>assessment & evaluation in higher education, 12(1), 56-65</td></tr><tr><td>Year:</td><td>1987</td></tr></table>",
				"url": "https://doi.org/https://doi.org/10.1080/0260293870120106",
				"x": 1.2131,
				"y": -0.1121,
				"cluster": 3,
				"weights": {
					"Links": 1.0000,
					"Citations": 15.0000,
					"Norm. citations": 0.3327
				},
				"scores": {
					"Pub. year": 1987.0000,
					"Citations": 15.0000,
					"Norm. citations": 0.3327
				}
			},
			{
				"id": 1670,
				"label": "ray j. solomonoff (1966)",
				"description": "<table><tr><td>Authors:</td><td>ray j. solomonoff</td></tr><tr><td>Title:</td><td>some recent work in artificial intelligence</td></tr><tr><td>Source:</td><td>proceedings of the ıeee, 54(12), 1687-1697</td></tr><tr><td>Year:</td><td>1966</td></tr></table>",
				"url": "https://doi.org/https://doi.org/10.1109/proc.1966.5250",
				"x": -0.4518,
				"y": -0.3148,
				"cluster": 1,
				"weights": {
					"Links": 7.0000,
					"Citations": 25.0000,
					"Norm. citations": 0.1953
				},
				"scores": {
					"Pub. year": 1966.0000,
					"Citations": 25.0000,
					"Norm. citations": 0.1953
				}
			},
			{
				"id": 1732,
				"label": "shawn m. glynn (1979)",
				"description": "<table><tr><td>Authors:</td><td>shawn m. glynn; k. denise muth</td></tr><tr><td>Title:</td><td>text‐learnıng capabılıtıes of older adults</td></tr><tr><td>Source:</td><td>educational gerontology, 4(3), 253-269</td></tr><tr><td>Year:</td><td>1979</td></tr></table>",
				"url": "https://doi.org/https://doi.org/10.1080/0360127790040308",
				"x": 1.4204,
				"y": -0.1207,
				"cluster": 9,
				"weights": {
					"Links": 1.0000,
					"Citations": 19.0000,
					"Norm. citations": 0.5074
				},
				"scores": {
					"Pub. year": 1979.0000,
					"Citations": 19.0000,
					"Norm. citations": 0.5074
				}
			},
			{
				"id": 1757,
				"label": "stuart russell (1987b)",
				"description": "<table><tr><td>Authors:</td><td>stuart russell</td></tr><tr><td>Title:</td><td>analogical and inductive reasoning</td></tr><tr><td>Source:</td><td>[no source]</td></tr><tr><td>Year:</td><td>1987</td></tr></table>",
				"x": -0.2996,
				"y": 0.5497,
				"cluster": 5,
				"weights": {
					"Links": 1.0000,
					"Citations": 45.0000,
					"Norm. citations": 0.9981
				},
				"scores": {
					"Pub. year": 1987.0000,
					"Citations": 45.0000,
					"Norm. citations": 0.9981
				}
			},
			{
				"id": 1761,
				"label": "l.e. wangen (1971)",
				"description": "<table><tr><td>Authors:</td><td>l.e. wangen; n. m. frew; t. l. ısenhour</td></tr><tr><td>Title:</td><td>computerized learning machines applied to chemical problems. optimization of a linear pattern classifier by the addition of a \"width\" parameter</td></tr><tr><td>Source:</td><td>analytical chemistry, 43(7), 845-849</td></tr><tr><td>Year:</td><td>1971</td></tr></table>",
				"url": "https://doi.org/https://doi.org/10.1021/ac60302a013",
				"x": -0.7818,
				"y": -0.8135,
				"cluster": 2,
				"weights": {
					"Links": 3.0000,
					"Citations": 39.0000,
					"Norm. citations": 1.4976
				},
				"scores": {
					"Pub. year": 1971.0000,
					"Citations": 39.0000,
					"Norm. citations": 1.4976
				}
			},
			{
				"id": 1775,
				"label": "m. e. maron (1962)",
				"description": "<table><tr><td>Authors:</td><td>m. e. maron</td></tr><tr><td>Title:</td><td>design principles for an intelligent machine</td></tr><tr><td>Source:</td><td>ıeee transactions on ınformation theory, 8(5), 179-185</td></tr><tr><td>Year:</td><td>1962</td></tr></table>",
				"url": "https://doi.org/https://doi.org/10.1109/tit.1962.1057751",
				"x": -0.3168,
				"y": -0.2973,
				"cluster": 1,
				"weights": {
					"Links": 1.0000,
					"Citations": 12.0000,
					"Norm. citations": 0.3952
				},
				"scores": {
					"Pub. year": 1962.0000,
					"Citations": 12.0000,
					"Norm. citations": 0.3952
				}
			},
			{
				"id": 1778,
				"label": "larry rendell (1983)",
				"description": "<table><tr><td>Authors:</td><td>larry rendell</td></tr><tr><td>Title:</td><td>toward a unified approach for conceptual knowledge acquisition</td></tr><tr><td>Source:</td><td>aı magazine, 4(4), 19-27</td></tr><tr><td>Year:</td><td>1983</td></tr></table>",
				"url": "https://doi.org/https://doi.org/10.1609/aimag.v4i4.413",
				"x": -0.2628,
				"y": 0.3478,
				"cluster": 5,
				"weights": {
					"Links": 1.0000,
					"Citations": 11.0000,
					"Norm. citations": 0.3488
				},
				"scores": {
					"Pub. year": 1983.0000,
					"Citations": 11.0000,
					"Norm. citations": 0.3488
				}
			},
			{
				"id": 1856,
				"label": "phillippe kent (1975)",
				"description": "<table><tr><td>Authors:</td><td>phillippe kent; tino gäumann</td></tr><tr><td>Title:</td><td>considerations on the ınterpretation of mass spectra via learning machines</td></tr><tr><td>Source:</td><td>helvetica chimica acta, 58(3), 787-794</td></tr><tr><td>Year:</td><td>1975</td></tr></table>",
				"url": "https://doi.org/https://doi.org/10.1002/hlca.19750580316",
				"x": -0.8376,
				"y": -0.8477,
				"cluster": 2,
				"weights": {
					"Links": 1.0000,
					"Citations": 10.0000,
					"Norm. citations": 0.1439
				},
				"scores": {
					"Pub. year": 1975.0000,
					"Citations": 10.0000,
					"Norm. citations": 0.1439
				}
			},
			{
				"id": 1875,
				"label": "n. a. b. gray (1976)",
				"description": "<table><tr><td>Authors:</td><td>n. a. b. gray</td></tr><tr><td>Title:</td><td>constraints on \"learning machine\" classification methods</td></tr><tr><td>Source:</td><td>analytical chemistry, 48(14), 2265-2268</td></tr><tr><td>Year:</td><td>1976</td></tr></table>",
				"url": "https://doi.org/https://doi.org/10.1021/ac50008a054",
				"x": -0.7890,
				"y": -0.7480,
				"cluster": 2,
				"weights": {
					"Links": 2.0000,
					"Citations": 30.0000,
					"Norm. citations": 0.6544
				},
				"scores": {
					"Pub. year": 1976.0000,
					"Citations": 30.0000,
					"Norm. citations": 0.6544
				}
			},
			{
				"id": 1890,
				"label": "ference marton (1974)",
				"description": "<table><tr><td>Authors:</td><td>ference marton</td></tr><tr><td>Title:</td><td>some effects of content‐neutral ınstructions on non‐verbatim learning in a neutral setting</td></tr><tr><td>Source:</td><td>scandinavian journal of educational research, 18(1), 199-208</td></tr><tr><td>Year:</td><td>1974</td></tr></table>",
				"url": "https://doi.org/https://doi.org/10.1080/0031383740180112",
				"x": 1.2269,
				"y": 0.0057,
				"cluster": 3,
				"weights": {
					"Links": 1.0000,
					"Citations": 14.0000,
					"Norm. citations": 0.6358
				},
				"scores": {
					"Pub. year": 1974.0000,
					"Citations": 14.0000,
					"Norm. citations": 0.6358
				}
			},
			{
				"id": 1986,
				"label": "nicholas v. findler (1969)",
				"description": "<table><tr><td>Authors:</td><td>nicholas v. findler</td></tr><tr><td>Title:</td><td>some new approaches to machine learning</td></tr><tr><td>Source:</td><td>ıeee transactions on systems science and cybernetics, 5(3), 173-182</td></tr><tr><td>Year:</td><td>1969</td></tr></table>",
				"url": "https://doi.org/https://doi.org/10.1109/tssc.1969.300258",
				"x": -0.4758,
				"y": -0.1857,
				"cluster": 8,
				"weights": {
					"Links": 3.0000,
					"Citations": 11.0000,
					"Norm. citations": 0.0917
				},
				"scores": {
					"Pub. year": 1969.0000,
					"Citations": 11.0000,
					"Norm. citations": 0.0917
				}
			},
			{
				"id": 2043,
				"label": "bruce e. rosen (1988)",
				"description": "<table><tr><td>Authors:</td><td>bruce e. rosen; james m. goodwin; j.j. vidal</td></tr><tr><td>Title:</td><td>machine operant conditioning</td></tr><tr><td>Source:</td><td>proceedings of the annual ınternational conference of the ıeee engineering in medicine and biology society, 1500-1501 vol.3</td></tr><tr><td>Year:</td><td>1988</td></tr></table>",
				"url": "https://doi.org/https://doi.org/10.1109/iembs.1988.95349",
				"x": -0.3394,
				"y": -0.2844,
				"cluster": 1,
				"weights": {
					"Links": 1.0000,
					"Citations": 10.0000,
					"Norm. citations": 0.3371
				},
				"scores": {
					"Pub. year": 1988.0000,
					"Citations": 10.0000,
					"Norm. citations": 0.3371
				}
			},
			{
				"id": 2228,
				"label": "gary l. ritter (1977)",
				"description": "<table><tr><td>Authors:</td><td>gary l. ritter; h. b. woodruff</td></tr><tr><td>Title:</td><td>dimensionality and the number of features in \"learning machine\" classification methods</td></tr><tr><td>Source:</td><td>analytical chemistry, 49(13), 2116-2118</td></tr><tr><td>Year:</td><td>1977</td></tr></table>",
				"url": "https://doi.org/https://doi.org/10.1021/ac50021a056",
				"x": -0.7792,
				"y": -0.7379,
				"cluster": 2,
				"weights": {
					"Links": 2.0000,
					"Citations": 16.0000,
					"Norm. citations": 0.7123
				},
				"scores": {
					"Pub. year": 1977.0000,
					"Citations": 16.0000,
					"Norm. citations": 0.7123
				}
			}
		],
		"links": [
			{
				"source_id": 1,
				"target_id": 55
			},
			{
				"source_id": 1,
				"target_id": 245
			},
			{
				"source_id": 1,
				"target_id": 374
			},
			{
				"source_id": 1,
				"target_id": 424
			},
			{
				"source_id": 1,
				"target_id": 450
			},
			{
				"source_id": 1,
				"target_id": 599
			},
			{
				"source_id": 1,
				"target_id": 623
			},
			{
				"source_id": 1,
				"target_id": 815
			},
			{
				"source_id": 1,
				"target_id": 1495
			},
			{
				"source_id": 1,
				"target_id": 1670
			},
			{
				"source_id": 1,
				"target_id": 1986
			},
			{
				"source_id": 14,
				"target_id": 661
			},
			{
				"source_id": 14,
				"target_id": 665
			},
			{
				"source_id": 14,
				"target_id": 1203
			},
			{
				"source_id": 29,
				"target_id": 96
			},
			{
				"source_id": 29,
				"target_id": 124
			},
			{
				"source_id": 29,
				"target_id": 337
			},
			{
				"source_id": 29,
				"target_id": 963
			},
			{
				"source_id": 35,
				"target_id": 337
			},
			{
				"source_id": 35,
				"target_id": 411
			},
			{
				"source_id": 55,
				"target_id": 101
			},
			{
				"source_id": 55,
				"target_id": 111
			},
			{
				"source_id": 55,
				"target_id": 112
			},
			{
				"source_id": 55,
				"target_id": 169
			},
			{
				"source_id": 55,
				"target_id": 361
			},
			{
				"source_id": 55,
				"target_id": 391
			},
			{
				"source_id": 55,
				"target_id": 535
			},
			{
				"source_id": 68,
				"target_id": 1203
			},
			{
				"source_id": 76,
				"target_id": 350
			},
			{
				"source_id": 76,
				"target_id": 653
			},
			{
				"source_id": 76,
				"target_id": 1053
			},
			{
				"source_id": 76,
				"target_id": 1106
			},
			{
				"source_id": 76,
				"target_id": 1155
			},
			{
				"source_id": 76,
				"target_id": 1188
			},
			{
				"source_id": 76,
				"target_id": 1203
			},
			{
				"source_id": 76,
				"target_id": 1632
			},
			{
				"source_id": 76,
				"target_id": 1659
			},
			{
				"source_id": 111,
				"target_id": 112
			},
			{
				"source_id": 112,
				"target_id": 422
			},
			{
				"source_id": 112,
				"target_id": 532
			},
			{
				"source_id": 112,
				"target_id": 557
			},
			{
				"source_id": 112,
				"target_id": 659
			},
			{
				"source_id": 112,
				"target_id": 1607
			},
			{
				"source_id": 157,
				"target_id": 438
			},
			{
				"source_id": 157,
				"target_id": 1044
			},
			{
				"source_id": 157,
				"target_id": 1155
			},
			{
				"source_id": 157,
				"target_id": 1188
			},
			{
				"source_id": 157,
				"target_id": 1540
			},
			{
				"source_id": 157,
				"target_id": 1732
			},
			{
				"source_id": 169,
				"target_id": 750
			},
			{
				"source_id": 169,
				"target_id": 888
			},
			{
				"source_id": 175,
				"target_id": 307
			},
			{
				"source_id": 175,
				"target_id": 318
			},
			{
				"source_id": 175,
				"target_id": 557
			},
			{
				"source_id": 175,
				"target_id": 1655
			},
			{
				"source_id": 222,
				"target_id": 374
			},
			{
				"source_id": 245,
				"target_id": 424
			},
			{
				"source_id": 245,
				"target_id": 535
			},
			{
				"source_id": 245,
				"target_id": 656
			},
			{
				"source_id": 245,
				"target_id": 665
			},
			{
				"source_id": 245,
				"target_id": 763
			},
			{
				"source_id": 245,
				"target_id": 1143
			},
			{
				"source_id": 245,
				"target_id": 1589
			},
			{
				"source_id": 245,
				"target_id": 1607
			},
			{
				"source_id": 245,
				"target_id": 1670
			},
			{
				"source_id": 245,
				"target_id": 1775
			},
			{
				"source_id": 245,
				"target_id": 1986
			},
			{
				"source_id": 245,
				"target_id": 2043
			},
			{
				"source_id": 260,
				"target_id": 337
			},
			{
				"source_id": 307,
				"target_id": 396
			},
			{
				"source_id": 307,
				"target_id": 422
			},
			{
				"source_id": 307,
				"target_id": 519
			},
			{
				"source_id": 307,
				"target_id": 536
			},
			{
				"source_id": 307,
				"target_id": 576
			},
			{
				"source_id": 307,
				"target_id": 577
			},
			{
				"source_id": 307,
				"target_id": 582
			},
			{
				"source_id": 307,
				"target_id": 666
			},
			{
				"source_id": 307,
				"target_id": 712
			},
			{
				"source_id": 307,
				"target_id": 1092
			},
			{
				"source_id": 316,
				"target_id": 1567
			},
			{
				"source_id": 330,
				"target_id": 411
			},
			{
				"source_id": 330,
				"target_id": 659
			},
			{
				"source_id": 337,
				"target_id": 396
			},
			{
				"source_id": 337,
				"target_id": 706
			},
			{
				"source_id": 337,
				"target_id": 1417
			},
			{
				"source_id": 345,
				"target_id": 350
			},
			{
				"source_id": 345,
				"target_id": 417
			},
			{
				"source_id": 350,
				"target_id": 487
			},
			{
				"source_id": 374,
				"target_id": 557
			},
			{
				"source_id": 384,
				"target_id": 424
			},
			{
				"source_id": 384,
				"target_id": 1670
			},
			{
				"source_id": 396,
				"target_id": 626
			},
			{
				"source_id": 411,
				"target_id": 543
			},
			{
				"source_id": 411,
				"target_id": 1092
			},
			{
				"source_id": 422,
				"target_id": 665
			},
			{
				"source_id": 424,
				"target_id": 450
			},
			{
				"source_id": 424,
				"target_id": 535
			},
			{
				"source_id": 424,
				"target_id": 623
			},
			{
				"source_id": 424,
				"target_id": 815
			},
			{
				"source_id": 438,
				"target_id": 1540
			},
			{
				"source_id": 450,
				"target_id": 881
			},
			{
				"source_id": 450,
				"target_id": 1986
			},
			{
				"source_id": 462,
				"target_id": 888
			},
			{
				"source_id": 519,
				"target_id": 577
			},
			{
				"source_id": 530,
				"target_id": 623
			},
			{
				"source_id": 532,
				"target_id": 687
			},
			{
				"source_id": 535,
				"target_id": 1670
			},
			{
				"source_id": 543,
				"target_id": 623
			},
			{
				"source_id": 543,
				"target_id": 666
			},
			{
				"source_id": 557,
				"target_id": 923
			},
			{
				"source_id": 623,
				"target_id": 692
			},
			{
				"source_id": 623,
				"target_id": 841
			},
			{
				"source_id": 653,
				"target_id": 762
			},
			{
				"source_id": 653,
				"target_id": 1053
			},
			{
				"source_id": 653,
				"target_id": 1567
			},
			{
				"source_id": 656,
				"target_id": 1670
			},
			{
				"source_id": 659,
				"target_id": 843
			},
			{
				"source_id": 659,
				"target_id": 1778
			},
			{
				"source_id": 692,
				"target_id": 841
			},
			{
				"source_id": 762,
				"target_id": 1632
			},
			{
				"source_id": 762,
				"target_id": 1890
			},
			{
				"source_id": 873,
				"target_id": 888
			},
			{
				"source_id": 1092,
				"target_id": 1757
			},
			{
				"source_id": 1143,
				"target_id": 1440
			},
			{
				"source_id": 1143,
				"target_id": 1505
			},
			{
				"source_id": 1143,
				"target_id": 1599
			},
			{
				"source_id": 1143,
				"target_id": 1670
			},
			{
				"source_id": 1143,
				"target_id": 1761
			},
			{
				"source_id": 1143,
				"target_id": 2228
			},
			{
				"source_id": 1440,
				"target_id": 1505
			},
			{
				"source_id": 1440,
				"target_id": 1554
			},
			{
				"source_id": 1440,
				"target_id": 1564
			},
			{
				"source_id": 1440,
				"target_id": 1599
			},
			{
				"source_id": 1440,
				"target_id": 1761
			},
			{
				"source_id": 1440,
				"target_id": 1856
			},
			{
				"source_id": 1495,
				"target_id": 1619
			},
			{
				"source_id": 1505,
				"target_id": 1554
			},
			{
				"source_id": 1505,
				"target_id": 1564
			},
			{
				"source_id": 1554,
				"target_id": 1564
			},
			{
				"source_id": 1589,
				"target_id": 1670
			},
			{
				"source_id": 1599,
				"target_id": 1875
			},
			{
				"source_id": 1601,
				"target_id": 1761
			},
			{
				"source_id": 1875,
				"target_id": 2228
			}
		]
	}
}
