﻿{
	"network": {
		"items": [
			{
				"id": 9,
				"label": "erkan karabulut (2023)",
				"description": "<table><tr><td>Authors:</td><td>erkan karabulut; salvatore f. pileggi; paul groth; viktoriya degeler</td></tr><tr><td>Title:</td><td>ontologies in digital twins: a systematic literature review</td></tr><tr><td>Source:</td><td>future generation computer systems, 153, 442-456</td></tr><tr><td>Year:</td><td>2023</td></tr></table>",
				"url": "https://doi.org/https://doi.org/10.1016/j.future.2023.12.013",
				"x": -0.0872,
				"y": 0.0859,
				"cluster": 3,
				"weights": {
					"Links": 7.0000,
					"Citations": 35.0000,
					"Norm. citations": 10.7494
				},
				"scores": {
					"Pub. year": 2023.0000,
					"Citations": 35.0000,
					"Norm. citations": 10.7494
				}
			},
			{
				"id": 11,
				"label": "karim farghaly (2023)",
				"description": "<table><tr><td>Authors:</td><td>karim farghaly; ranjith k. soman; shanjing zhou</td></tr><tr><td>Title:</td><td>the evolution of ontology in aec: a two-decade synthesis, application domains, and future directions</td></tr><tr><td>Source:</td><td>journal of ındustrial ınformation ıntegration, 36, 100519-100519</td></tr><tr><td>Year:</td><td>2023</td></tr></table>",
				"url": "https://doi.org/https://doi.org/10.1016/j.jii.2023.100519",
				"x": 1.2062,
				"y": -0.0077,
				"cluster": 5,
				"weights": {
					"Links": 1.0000,
					"Citations": 29.0000,
					"Norm. citations": 8.9067
				},
				"scores": {
					"Pub. year": 2023.0000,
					"Citations": 29.0000,
					"Norm. citations": 8.9067
				}
			},
			{
				"id": 39,
				"label": "milad baghalzadeh shishehgarkhaneh (2022)",
				"description": "<table><tr><td>Authors:</td><td>milad baghalzadeh shishehgarkhaneh; afram keivani; robert moehler; nasim jelodari; sevda roshdi laleh</td></tr><tr><td>Title:</td><td>ınternet of things (ıot), building ınformation modeling (bım), and digital twin (dt) in construction ındustry: a review, bibliometric, and network analysis</td></tr><tr><td>Source:</td><td>buildings, 12(10), 1503-1503</td></tr><tr><td>Year:</td><td>2022</td></tr></table>",
				"url": "https://doi.org/https://doi.org/10.3390/buildings12101503",
				"x": 0.5793,
				"y": -0.0786,
				"cluster": 4,
				"weights": {
					"Links": 3.0000,
					"Citations": 154.0000,
					"Norm. citations": 32.3722
				},
				"scores": {
					"Pub. year": 2022.0000,
					"Citations": 154.0000,
					"Norm. citations": 32.3722
				}
			},
			{
				"id": 46,
				"label": "sara guerra de oliveira (2022)",
				"description": "<table><tr><td>Authors:</td><td>sara guerra de oliveira; salvatore antonio biancardo; andrej tibaut</td></tr><tr><td>Title:</td><td>optimizing h-bım workflow for ınterventions on historical building elements</td></tr><tr><td>Source:</td><td>sustainability, 14(15), 9703-9703</td></tr><tr><td>Year:</td><td>2022</td></tr></table>",
				"url": "https://doi.org/https://doi.org/10.3390/su14159703",
				"x": 0.6251,
				"y": -0.3269,
				"cluster": 6,
				"weights": {
					"Links": 1.0000,
					"Citations": 20.0000,
					"Norm. citations": 4.2042
				},
				"scores": {
					"Pub. year": 2022.0000,
					"Citations": 20.0000,
					"Norm. citations": 4.2042
				}
			},
			{
				"id": 56,
				"label": "franco niccolucci (2022)",
				"description": "<table><tr><td>Authors:</td><td>franco niccolucci; achille felicetti; sorin hermon</td></tr><tr><td>Title:</td><td>populating the data space for cultural heritage with heritage digital twins</td></tr><tr><td>Source:</td><td>data, 7(8), 105-105</td></tr><tr><td>Year:</td><td>2022</td></tr></table>",
				"url": "https://doi.org/https://doi.org/10.3390/data7080105",
				"x": -0.1246,
				"y": 0.3206,
				"cluster": 2,
				"weights": {
					"Links": 3.0000,
					"Citations": 50.0000,
					"Norm. citations": 10.5105
				},
				"scores": {
					"Pub. year": 2022.0000,
					"Citations": 50.0000,
					"Norm. citations": 10.5105
				}
			},
			{
				"id": 59,
				"label": "aleksandar kondinski (2022)",
				"description": "<table><tr><td>Authors:</td><td>aleksandar kondinski; jiaru bai; sebastian mosbach; jethro akroyd; markus kraft</td></tr><tr><td>Title:</td><td>knowledge engineering in chemistry: from expert systems to agents of creation</td></tr><tr><td>Source:</td><td>accounts of chemical research, 56(2), 128-139</td></tr><tr><td>Year:</td><td>2022</td></tr></table>",
				"url": "https://doi.org/https://doi.org/10.1021/acs.accounts.2c00617",
				"x": -1.0367,
				"y": -0.1318,
				"cluster": 1,
				"weights": {
					"Links": 4.0000,
					"Citations": 14.0000,
					"Norm. citations": 2.9429
				},
				"scores": {
					"Pub. year": 2022.0000,
					"Citations": 14.0000,
					"Norm. citations": 2.9429
				}
			},
			{
				"id": 157,
				"label": "laura pascazio (2023)",
				"description": "<table><tr><td>Authors:</td><td>laura pascazio; simon d. rihm; ali naseri; sebastian mosbach; jethro akroyd; markus kraft</td></tr><tr><td>Title:</td><td>chemical species ontology for data ıntegration and knowledge discovery</td></tr><tr><td>Source:</td><td>journal of chemical ınformation and modeling, 63(21), 6569-6586</td></tr><tr><td>Year:</td><td>2023</td></tr></table>",
				"url": "https://doi.org/https://doi.org/10.1021/acs.jcim.3c00820",
				"x": -1.0322,
				"y": -0.0236,
				"cluster": 1,
				"weights": {
					"Links": 4.0000,
					"Citations": 26.0000,
					"Norm. citations": 7.9853
				},
				"scores": {
					"Pub. year": 2023.0000,
					"Citations": 26.0000,
					"Norm. citations": 7.9853
				}
			},
			{
				"id": 201,
				"label": "angiras menon (2023)",
				"description": "<table><tr><td>Authors:</td><td>angiras menon; laura pascazio; daniel nurkowski; feroz farazi; sebastian mosbach; jethro akroyd; markus kraft</td></tr><tr><td>Title:</td><td>ontopesscan: an ontology for potential energy surface scans</td></tr><tr><td>Source:</td><td>acs omega, 8(2), 2462-2475</td></tr><tr><td>Year:</td><td>2023</td></tr></table>",
				"url": "https://doi.org/https://doi.org/10.1021/acsomega.2c06948",
				"x": -1.0598,
				"y": 0.0194,
				"cluster": 1,
				"weights": {
					"Links": 1.0000,
					"Citations": 10.0000,
					"Norm. citations": 3.0713
				},
				"scores": {
					"Pub. year": 2023.0000,
					"Citations": 10.0000,
					"Norm. citations": 3.0713
				}
			},
			{
				"id": 220,
				"label": "omar doukari (2022)",
				"description": "<table><tr><td>Authors:</td><td>omar doukari; boubacar seck; david greenwood</td></tr><tr><td>Title:</td><td>the creation of construction schedules in 4d bım: a comparison of conventional and automated approaches</td></tr><tr><td>Source:</td><td>buildings, 12(8), 1145-1145</td></tr><tr><td>Year:</td><td>2022</td></tr></table>",
				"url": "https://doi.org/https://doi.org/10.3390/buildings12081145",
				"x": 1.0653,
				"y": -0.0195,
				"cluster": 5,
				"weights": {
					"Links": 3.0000,
					"Citations": 37.0000,
					"Norm. citations": 7.7777
				},
				"scores": {
					"Pub. year": 2022.0000,
					"Citations": 37.0000,
					"Norm. citations": 7.7777
				}
			},
			{
				"id": 227,
				"label": "franco niccolucci (2023)",
				"description": "<table><tr><td>Authors:</td><td>franco niccolucci; béatrice markhoff; μαρία θεοδωρίδου; achille felicetti; sorin hermon</td></tr><tr><td>Title:</td><td>the heritage digital twin: a bicycle made for two. the integration of digital methodologies into cultural heritage research</td></tr><tr><td>Source:</td><td>open research europe, 3, 64-64</td></tr><tr><td>Year:</td><td>2023</td></tr></table>",
				"url": "https://doi.org/https://doi.org/10.12688/openreseurope.15496.1",
				"x": -0.1143,
				"y": 0.2514,
				"cluster": 2,
				"weights": {
					"Links": 2.0000,
					"Citations": 18.0000,
					"Norm. citations": 5.5283
				},
				"scores": {
					"Pub. year": 2023.0000,
					"Citations": 18.0000,
					"Norm. citations": 5.5283
				}
			},
			{
				"id": 274,
				"label": "juan moyano (2022)",
				"description": "<table><tr><td>Authors:</td><td>juan moyano; eva carreño; juan enrique nieto julián; ıgnacio gil-arizón; silvana bruno</td></tr><tr><td>Title:</td><td>systematic approach to generate historical building ınformation modelling (hbım) in architectural restoration project</td></tr><tr><td>Source:</td><td>automation in construction, 143, 104551-104551</td></tr><tr><td>Year:</td><td>2022</td></tr></table>",
				"url": "https://doi.org/https://doi.org/10.1016/j.autcon.2022.104551",
				"x": 0.6575,
				"y": -0.2810,
				"cluster": 6,
				"weights": {
					"Links": 1.0000,
					"Citations": 62.0000,
					"Norm. citations": 13.0330
				},
				"scores": {
					"Pub. year": 2022.0000,
					"Citations": 62.0000,
					"Norm. citations": 13.0330
				}
			},
			{
				"id": 403,
				"label": "akeem pedro (2023)",
				"description": "<table><tr><td>Authors:</td><td>akeem pedro; sangeun baik; junhyeon jo; doyeop lee; rahat hussain; chansik park</td></tr><tr><td>Title:</td><td>a linked data and ontology-based framework for enhanced sharing of safety training materials in the construction ındustry</td></tr><tr><td>Source:</td><td>ıeee access, 11, 105410-105426</td></tr><tr><td>Year:</td><td>2023</td></tr></table>",
				"url": "https://doi.org/https://doi.org/10.1109/access.2023.3319090",
				"x": 0.8872,
				"y": 0.0623,
				"cluster": 4,
				"weights": {
					"Links": 1.0000,
					"Citations": 15.0000,
					"Norm. citations": 4.6069
				},
				"scores": {
					"Pub. year": 2023.0000,
					"Citations": 15.0000,
					"Norm. citations": 4.6069
				}
			},
			{
				"id": 427,
				"label": "kristina wolf (2022)",
				"description": "<table><tr><td>Authors:</td><td>kristina wolf; richard dawson; j. p. mills; pt blythe; jeremy morley</td></tr><tr><td>Title:</td><td>towards a digital twin for supporting multi-agency incident management in a smart city</td></tr><tr><td>Source:</td><td>scientific reports, 12(1)</td></tr><tr><td>Year:</td><td>2022</td></tr></table>",
				"url": "https://doi.org/https://doi.org/10.1038/s41598-022-20178-8",
				"x": -1.0800,
				"y": -0.2671,
				"cluster": 7,
				"weights": {
					"Links": 1.0000,
					"Citations": 46.0000,
					"Norm. citations": 9.6696
				},
				"scores": {
					"Pub. year": 2022.0000,
					"Citations": 46.0000,
					"Norm. citations": 9.6696
				}
			},
			{
				"id": 494,
				"label": "hankan li (2022)",
				"description": "<table><tr><td>Authors:</td><td>hankan li; qing zhu; liguo zhang; yulin ding; yongxin guo; haoyu wu; qiang wang; runfang zhou; mingwei liu; yan zhou</td></tr><tr><td>Title:</td><td>ıntegrated representation of geospatial data, model, and knowledge for digital twin railway</td></tr><tr><td>Source:</td><td>ınternational journal of digital earth, 15(1), 1657-1675</td></tr><tr><td>Year:</td><td>2022</td></tr></table>",
				"url": "https://doi.org/https://doi.org/10.1080/17538947.2022.2127949",
				"x": -0.1430,
				"y": 0.0748,
				"cluster": 3,
				"weights": {
					"Links": 1.0000,
					"Citations": 15.0000,
					"Norm. citations": 3.1531
				},
				"scores": {
					"Pub. year": 2022.0000,
					"Citations": 15.0000,
					"Norm. citations": 3.1531
				}
			},
			{
				"id": 501,
				"label": "rahel kebede (2022)",
				"description": "<table><tr><td>Authors:</td><td>rahel kebede; annika moscati; tan he; peter johansson</td></tr><tr><td>Title:</td><td>ıntegration of manufacturers' product data in bım platforms using semantic web technologies</td></tr><tr><td>Source:</td><td>automation in construction, 144, 104630-104630</td></tr><tr><td>Year:</td><td>2022</td></tr></table>",
				"url": "https://doi.org/https://doi.org/10.1016/j.autcon.2022.104630",
				"x": 0.8753,
				"y": 0.0391,
				"cluster": 4,
				"weights": {
					"Links": 2.0000,
					"Citations": 19.0000,
					"Norm. citations": 3.9940
				},
				"scores": {
					"Pub. year": 2022.0000,
					"Citations": 19.0000,
					"Norm. citations": 3.9940
				}
			},
			{
				"id": 590,
				"label": "kaining shen (2022)",
				"description": "<table><tr><td>Authors:</td><td>kaining shen; lan ding; cynthia wang</td></tr><tr><td>Title:</td><td>development of a framework to support whole-life-cycle net-zero-carbon buildings through ıntegration of building ınformation modelling and digital twins</td></tr><tr><td>Source:</td><td>buildings, 12(10), 1747-1747</td></tr><tr><td>Year:</td><td>2022</td></tr></table>",
				"url": "https://doi.org/https://doi.org/10.3390/buildings12101747",
				"x": 0.5789,
				"y": -0.2924,
				"cluster": 6,
				"weights": {
					"Links": 1.0000,
					"Citations": 38.0000,
					"Norm. citations": 7.9880
				},
				"scores": {
					"Pub. year": 2022.0000,
					"Citations": 38.0000,
					"Norm. citations": 7.9880
				}
			},
			{
				"id": 594,
				"label": "jiaru bai (2024)",
				"description": "<table><tr><td>Authors:</td><td>jiaru bai; sebastian mosbach; connor j. taylor; dogancan karan; kok foong lee; simon d. rihm; jethro akroyd; alexei a. lapkin; markus kraft</td></tr><tr><td>Title:</td><td>a dynamic knowledge graph approach to distributed self-driving laboratories</td></tr><tr><td>Source:</td><td>nature communications, 15(1)</td></tr><tr><td>Year:</td><td>2024</td></tr></table>",
				"url": "https://doi.org/https://doi.org/10.1038/s41467-023-44599-9",
				"x": -0.9981,
				"y": -0.1051,
				"cluster": 1,
				"weights": {
					"Links": 3.0000,
					"Citations": 30.0000,
					"Norm. citations": 17.6824
				},
				"scores": {
					"Pub. year": 2024.0000,
					"Citations": 30.0000,
					"Norm. citations": 17.6824
				}
			},
			{
				"id": 691,
				"label": "omar doukari (2024)",
				"description": "<table><tr><td>Authors:</td><td>omar doukari; james a. wakefield; pablo martı́nez; mohamad kassem</td></tr><tr><td>Title:</td><td>an ontology-based tool for safety management in building renovation projects</td></tr><tr><td>Source:</td><td>journal of building engineering, 84, 108609-108609</td></tr><tr><td>Year:</td><td>2024</td></tr></table>",
				"url": "https://doi.org/https://doi.org/10.1016/j.jobe.2024.108609",
				"x": 1.1757,
				"y": -0.0101,
				"cluster": 5,
				"weights": {
					"Links": 2.0000,
					"Citations": 11.0000,
					"Norm. citations": 6.4836
				},
				"scores": {
					"Pub. year": 2024.0000,
					"Citations": 11.0000,
					"Norm. citations": 6.4836
				}
			},
			{
				"id": 762,
				"label": "armin nabavi (2023)",
				"description": "<table><tr><td>Authors:</td><td>armin nabavi; ıssa j. ramaji; naimeh sadeghi; alexander r.a. anderson</td></tr><tr><td>Title:</td><td>leveraging natural language processing for automated ınformation ınquiry from building ınformation models</td></tr><tr><td>Source:</td><td>journal of ınformation technology in construction, 28, 266-285</td></tr><tr><td>Year:</td><td>2023</td></tr></table>",
				"url": "https://doi.org/https://doi.org/10.36680/j.itcon.2023.013",
				"x": 1.0920,
				"y": -0.0320,
				"cluster": 5,
				"weights": {
					"Links": 1.0000,
					"Citations": 14.0000,
					"Norm. citations": 4.2998
				},
				"scores": {
					"Pub. year": 2023.0000,
					"Citations": 14.0000,
					"Norm. citations": 4.2998
				}
			},
			{
				"id": 787,
				"label": "markus hofmeister (2024)",
				"description": "<table><tr><td>Authors:</td><td>markus hofmeister; jiaru bai; george brownbridge; sebastian mosbach; kok foong lee; feroz farazi; michael hillman; mehal agarwal; srishti ganguly; jethro akroyd; markus kraft</td></tr><tr><td>Title:</td><td>semantic agent framework for automated flood assessment using dynamic knowledge graphs</td></tr><tr><td>Source:</td><td>data-centric engineering, 5</td></tr><tr><td>Year:</td><td>2024</td></tr></table>",
				"url": "https://doi.org/https://doi.org/10.1017/dce.2024.11",
				"x": -1.0547,
				"y": -0.2339,
				"cluster": 7,
				"weights": {
					"Links": 3.0000,
					"Citations": 13.0000,
					"Norm. citations": 7.6624
				},
				"scores": {
					"Pub. year": 2024.0000,
					"Citations": 13.0000,
					"Norm. citations": 7.6624
				}
			},
			{
				"id": 846,
				"label": "jiaru bai (2023)",
				"description": "<table><tr><td>Authors:</td><td>jiaru bai; kok foong lee; markus hofmeister; sebastian mosbach; jethro akroyd; markus kraft</td></tr><tr><td>Title:</td><td>a derived information framework for a dynamic knowledge graph and its application to smart cities</td></tr><tr><td>Source:</td><td>future generation computer systems, 152, 112-126</td></tr><tr><td>Year:</td><td>2023</td></tr></table>",
				"url": "https://doi.org/https://doi.org/10.1016/j.future.2023.10.008",
				"x": -0.9668,
				"y": -0.1666,
				"cluster": 1,
				"weights": {
					"Links": 3.0000,
					"Citations": 21.0000,
					"Norm. citations": 6.4497
				},
				"scores": {
					"Pub. year": 2023.0000,
					"Citations": 21.0000,
					"Norm. citations": 6.4497
				}
			},
			{
				"id": 850,
				"label": "alex donkers (2022b)",
				"description": "<table><tr><td>Authors:</td><td>alex donkers; bauke de vries; dujuan yang</td></tr><tr><td>Title:</td><td>creating occupant-centered digital twins using the occupant feedback ontology implemented in a smartwatch app</td></tr><tr><td>Source:</td><td>semantic web, 15(2), 259-284</td></tr><tr><td>Year:</td><td>2022</td></tr></table>",
				"url": "https://doi.org/https://doi.org/10.3233/sw-223254",
				"x": -0.0334,
				"y": 0.0855,
				"cluster": 3,
				"weights": {
					"Links": 1.0000,
					"Citations": 13.0000,
					"Norm. citations": 2.7327
				},
				"scores": {
					"Pub. year": 2022.0000,
					"Citations": 13.0000,
					"Norm. citations": 2.7327
				}
			},
			{
				"id": 995,
				"label": "jingke yan (2023)",
				"description": "<table><tr><td>Authors:</td><td>jingke yan; zhe zheng; yucheng zhou; jia‐rui lin; yichuan deng; xinzheng lu</td></tr><tr><td>Title:</td><td>recent research progress in ıntelligent construction: a comparison between china and developed countries</td></tr><tr><td>Source:</td><td>buildings, 13(5), 1329-1329</td></tr><tr><td>Year:</td><td>2023</td></tr></table>",
				"url": "https://doi.org/https://doi.org/10.3390/buildings13051329",
				"x": 0.8438,
				"y": -0.0194,
				"cluster": 4,
				"weights": {
					"Links": 3.0000,
					"Citations": 14.0000,
					"Norm. citations": 4.2998
				},
				"scores": {
					"Pub. year": 2023.0000,
					"Citations": 14.0000,
					"Norm. citations": 4.2998
				}
			},
			{
				"id": 1649,
				"label": "wael m. mohammed (2022)",
				"description": "<table><tr><td>Authors:</td><td>wael m. mohammed; rodolfo e. haber; josé l. martínez lastra</td></tr><tr><td>Title:</td><td>ontology-driven guidelines for architecting digital twins in factory automation applications</td></tr><tr><td>Source:</td><td>machines, 10(10), 861-861</td></tr><tr><td>Year:</td><td>2022</td></tr></table>",
				"url": "https://doi.org/https://doi.org/10.3390/machines10100861",
				"x": -0.1514,
				"y": 0.4997,
				"cluster": 2,
				"weights": {
					"Links": 2.0000,
					"Citations": 15.0000,
					"Norm. citations": 3.1531
				},
				"scores": {
					"Pub. year": 2022.0000,
					"Citations": 15.0000,
					"Norm. citations": 3.1531
				}
			},
			{
				"id": 1702,
				"label": "xiaochi zhou (2023)",
				"description": "<table><tr><td>Authors:</td><td>xiaochi zhou; shaocong zhang; mehal agarwal; jethro akroyd; sebastian mosbach; markus kraft</td></tr><tr><td>Title:</td><td>marie and bert─a knowledge graph embedding based question answering system for chemistry</td></tr><tr><td>Source:</td><td>acs omega, 8(36), 33039-33057</td></tr><tr><td>Year:</td><td>2023</td></tr></table>",
				"url": "https://doi.org/https://doi.org/10.1021/acsomega.3c05114",
				"x": -1.0808,
				"y": -0.0715,
				"cluster": 1,
				"weights": {
					"Links": 2.0000,
					"Citations": 13.0000,
					"Norm. citations": 3.9926
				},
				"scores": {
					"Pub. year": 2023.0000,
					"Citations": 13.0000,
					"Norm. citations": 3.9926
				}
			},
			{
				"id": 1703,
				"label": "markus kraft (2023)",
				"description": "<table><tr><td>Authors:</td><td>markus kraft; jiaru bai; sebastian mosbach; connor j. taylor; dogancan karan; kok foong lee; simon d. rihm; jethro akroyd; alexei a. lapkin</td></tr><tr><td>Title:</td><td>from platform to knowledge graph: distributed self-driving laboratories</td></tr><tr><td>Source:</td><td>research square (research square)</td></tr><tr><td>Year:</td><td>2023</td></tr></table>",
				"url": "https://doi.org/https://doi.org/10.21203/rs.3.rs-3141873/v1",
				"x": -0.8558,
				"y": -0.0808,
				"cluster": 1,
				"weights": {
					"Links": 4.0000,
					"Citations": 12.0000,
					"Norm. citations": 3.6855
				},
				"scores": {
					"Pub. year": 2023.0000,
					"Citations": 12.0000,
					"Norm. citations": 3.6855
				}
			},
			{
				"id": 1989,
				"label": "xiang xie (2022)",
				"description": "<table><tr><td>Authors:</td><td>xiang xie; jorge merino; nicola moretti; pieter pauwels; janet chang; ajith kumar parlikad</td></tr><tr><td>Title:</td><td>digital twin enabled fault detection and diagnosis process for building hvac systems</td></tr><tr><td>Source:</td><td>automation in construction, 146, 104695-104695</td></tr><tr><td>Year:</td><td>2022</td></tr></table>",
				"url": "https://doi.org/https://doi.org/10.1016/j.autcon.2022.104695",
				"x": -0.0863,
				"y": 0.0223,
				"cluster": 3,
				"weights": {
					"Links": 1.0000,
					"Citations": 73.0000,
					"Norm. citations": 15.3453
				},
				"scores": {
					"Pub. year": 2022.0000,
					"Citations": 73.0000,
					"Norm. citations": 15.3453
				}
			},
			{
				"id": 3915,
				"label": "wolfram luther (2023)",
				"description": "<table><tr><td>Authors:</td><td>wolfram luther; nelson baloian; daniel biella; daniel sacher</td></tr><tr><td>Title:</td><td>digital twins and enabling technologies in museums and cultural heritage: an overview</td></tr><tr><td>Source:</td><td>sensors, 23(3), 1583-1583</td></tr><tr><td>Year:</td><td>2023</td></tr></table>",
				"url": "https://doi.org/https://doi.org/10.3390/s23031583",
				"x": -0.1415,
				"y": 0.4330,
				"cluster": 2,
				"weights": {
					"Links": 2.0000,
					"Citations": 72.0000,
					"Norm. citations": 22.1131
				},
				"scores": {
					"Pub. year": 2023.0000,
					"Citations": 72.0000,
					"Norm. citations": 22.1131
				}
			},
			{
				"id": 7346,
				"label": "vadim r. gasiyarov (2023)",
				"description": "<table><tr><td>Authors:</td><td>vadim r. gasiyarov; pavel a. bovshik; b. m. loginov; а. с. карандаев; vadim r. khramshin; andrey a. radionov</td></tr><tr><td>Title:</td><td>substantiating and ımplementing concept of digital twins for virtual commissioning of ındustrial mechatronic complexes exemplified by rolling mill coilers</td></tr><tr><td>Source:</td><td>machines, 11(2), 276-276</td></tr><tr><td>Year:</td><td>2023</td></tr></table>",
				"url": "https://doi.org/https://doi.org/10.3390/machines11020276",
				"x": -0.1557,
				"y": 0.5290,
				"cluster": 2,
				"weights": {
					"Links": 1.0000,
					"Citations": 15.0000,
					"Norm. citations": 4.6069
				},
				"scores": {
					"Pub. year": 2023.0000,
					"Citations": 15.0000,
					"Norm. citations": 4.6069
				}
			},
			{
				"id": 7592,
				"label": "antonio salzano (2023)",
				"description": "<table><tr><td>Authors:</td><td>antonio salzano; mattia ıntignano; carla mottola; salvatore antonio biancardo; maurizio nicolella; gianluca dell’acqua</td></tr><tr><td>Title:</td><td>systematic literature review of open ınfrastructure bım</td></tr><tr><td>Source:</td><td>buildings, 13(7), 1593-1593</td></tr><tr><td>Year:</td><td>2023</td></tr></table>",
				"url": "https://doi.org/https://doi.org/10.3390/buildings13071593",
				"x": 0.6161,
				"y": -0.2749,
				"cluster": 6,
				"weights": {
					"Links": 4.0000,
					"Citations": 12.0000,
					"Norm. citations": 3.6855
				},
				"scores": {
					"Pub. year": 2023.0000,
					"Citations": 12.0000,
					"Norm. citations": 3.6855
				}
			}
		],
		"links": [
			{
				"source_id": 9,
				"target_id": 39
			},
			{
				"source_id": 9,
				"target_id": 56
			},
			{
				"source_id": 9,
				"target_id": 227
			},
			{
				"source_id": 9,
				"target_id": 494
			},
			{
				"source_id": 9,
				"target_id": 850
			},
			{
				"source_id": 9,
				"target_id": 1703
			},
			{
				"source_id": 9,
				"target_id": 1989
			},
			{
				"source_id": 11,
				"target_id": 691
			},
			{
				"source_id": 39,
				"target_id": 995
			},
			{
				"source_id": 39,
				"target_id": 7592
			},
			{
				"source_id": 46,
				"target_id": 7592
			},
			{
				"source_id": 56,
				"target_id": 227
			},
			{
				"source_id": 56,
				"target_id": 3915
			},
			{
				"source_id": 59,
				"target_id": 594
			},
			{
				"source_id": 59,
				"target_id": 787
			},
			{
				"source_id": 59,
				"target_id": 1702
			},
			{
				"source_id": 59,
				"target_id": 1703
			},
			{
				"source_id": 157,
				"target_id": 201
			},
			{
				"source_id": 157,
				"target_id": 594
			},
			{
				"source_id": 157,
				"target_id": 1702
			},
			{
				"source_id": 157,
				"target_id": 1703
			},
			{
				"source_id": 220,
				"target_id": 691
			},
			{
				"source_id": 220,
				"target_id": 762
			},
			{
				"source_id": 220,
				"target_id": 995
			},
			{
				"source_id": 274,
				"target_id": 7592
			},
			{
				"source_id": 403,
				"target_id": 501
			},
			{
				"source_id": 427,
				"target_id": 787
			},
			{
				"source_id": 501,
				"target_id": 995
			},
			{
				"source_id": 590,
				"target_id": 7592
			},
			{
				"source_id": 594,
				"target_id": 846
			},
			{
				"source_id": 787,
				"target_id": 846
			},
			{
				"source_id": 846,
				"target_id": 1703
			},
			{
				"source_id": 1649,
				"target_id": 3915
			},
			{
				"source_id": 1649,
				"target_id": 7346
			}
		]
	}
}
