﻿{
	"network": {
		"items": [
			{
				"id": 14,
				"label": "j. harry caufield (2024)",
				"description": "<table><tr><td>Authors:</td><td>j. harry caufield; harshad hegde; vincent emonet; nomi l. harris; marcin p. joachimiak; nicolas matentzoglu; hyeongsik kim; sierra moxon; justin reese; melissa haendel; peter n. robinson; chris mungall</td></tr><tr><td>Title:</td><td>structured prompt ınterrogation and recursive extraction of semantics (spıres): a method for populating knowledge bases using zero-shot learning</td></tr><tr><td>Source:</td><td>bioinformatics, 40(3)</td></tr><tr><td>Year:</td><td>2024</td></tr></table>",
				"url": "https://doi.org/https://doi.org/10.1093/bioinformatics/btae104",
				"x": -0.0004,
				"y": 0.0000,
				"cluster": 1,
				"weights": {
					"Links": 2.0000,
					"Citations": 57.0000,
					"Norm. citations": 44.5528
				},
				"scores": {
					"Pub. year": 2024.0000,
					"Citations": 57.0000,
					"Norm. citations": 44.5528
				}
			},
			{
				"id": 69,
				"label": "jose tupayachi (2024)",
				"description": "<table><tr><td>Authors:</td><td>jose tupayachi; haowen xu; olufemi a. omitaomu; mustafa can camur; aliza sharmin; xueping li</td></tr><tr><td>Title:</td><td>towards next-generation urban decision support systems through aı-powered construction of scientific ontology using large language models—a case in optimizing ıntermodal freight transportation</td></tr><tr><td>Source:</td><td>smart cities, 7(5), 2392-2421</td></tr><tr><td>Year:</td><td>2024</td></tr></table>",
				"url": "https://doi.org/https://doi.org/10.3390/smartcities7050094",
				"x": 0.7502,
				"y": -0.0000,
				"cluster": 1,
				"weights": {
					"Links": 1.0000,
					"Citations": 10.0000,
					"Norm. citations": 7.8163
				},
				"scores": {
					"Pub. year": 2024.0000,
					"Citations": 10.0000,
					"Norm. citations": 7.8163
				}
			},
			{
				"id": 114,
				"label": "marvin hofer (2024)",
				"description": "<table><tr><td>Authors:</td><td>marvin hofer; daniel obraczka; alieh saeedi; hanna köpcke; erhard rahm</td></tr><tr><td>Title:</td><td>construction of knowledge graphs: current state and challenges</td></tr><tr><td>Source:</td><td>ınformation, 15(8), 509-509</td></tr><tr><td>Year:</td><td>2024</td></tr></table>",
				"url": "https://doi.org/https://doi.org/10.3390/info15080509",
				"x": -0.7498,
				"y": -0.0000,
				"cluster": 2,
				"weights": {
					"Links": 1.0000,
					"Citations": 21.0000,
					"Norm. citations": 16.4142
				},
				"scores": {
					"Pub. year": 2024.0000,
					"Citations": 21.0000,
					"Norm. citations": 16.4142
				}
			}
		],
		"links": [
			{
				"source_id": 14,
				"target_id": 69
			},
			{
				"source_id": 14,
				"target_id": 114
			}
		]
	}
}
