﻿{
	"network": {
		"items": [
			{
				"id": 23,
				"label": "sebastian köhler (2018a)",
				"description": "<table><tr><td>Authors:</td><td>sebastian köhler; leigh carmody; nicole vasilevsky; julius o.b. jacobsen; daniel daniš; jean-philippe f. gourdine; michael gargano; nomi l. harris; nicolas matentzoglu; julie a. mcmurry; david osumi-sutherland; valentina cipriani; james p. balhoff; tom conlin; hannah blau; gareth baynam; r. palmer; dylan gratian; hugh dawkins; michael m. segal; anna jansen; ahmed muaz; willie chang; jenna bergerson; stanley j. f. laulederkind; zafer yüksel; sergi beltrán; alexandra f. freeman; panagiotis ı. sergouniotis; daniel w. durkin; andrea l. storm; marc hanauer; michael brudno; susan m. bello; murat sincan; kayli rageth; matthew t. wheeler; renske oegema; halima lourghi; maria g. della rocca; rachel thompson; f castellanos; james r. priest; charlotte cunningham‐rundles; ayushi hegde; ruth c. lovering; catherine hajek; annie olry; luigi d. notarangelo; morgan similuk; xingmin zhang; david gómez‐andrés; hanns lochmüller; hélène dollfus; sergio d. rosenzweig; shruti marwaha; ana rath; kathleen e. sullivan; cynthia l. smith; joshua d. milner; dorothée leroux; cornelius f. boerkoel; amy d. klion; melody c. carter; tudor groza; damian smedley; melissa haendel; chris mungall; peter n. robinson</td></tr><tr><td>Title:</td><td>expansion of the human phenotype ontology (hpo) knowledge base and resources</td></tr><tr><td>Source:</td><td>nucleic acids research, 47(d1), d1018-d1027</td></tr><tr><td>Year:</td><td>2018</td></tr></table>",
				"url": "https://doi.org/https://doi.org/10.1093/nar/gky1105",
				"x": -0.4423,
				"y": 0.4743,
				"cluster": 6,
				"weights": {
					"Links": 4.0000,
					"Citations": 648.0000,
					"Norm. citations": 44.8066
				},
				"scores": {
					"Pub. year": 2018.0000,
					"Citations": 648.0000,
					"Norm. citations": 44.8066
				}
			},
			{
				"id": 47,
				"label": "maxat kulmanov (2017a)",
				"description": "<table><tr><td>Authors:</td><td>maxat kulmanov; mohammed asif khan; robert hoehndorf</td></tr><tr><td>Title:</td><td>deepgo: predicting protein functions from sequence and interactions using a deep ontology-aware classifier</td></tr><tr><td>Source:</td><td>bioinformatics, 34(4), 660-668</td></tr><tr><td>Year:</td><td>2017</td></tr></table>",
				"url": "https://doi.org/https://doi.org/10.1093/bioinformatics/btx624",
				"x": -0.5214,
				"y": -0.0385,
				"cluster": 2,
				"weights": {
					"Links": 5.0000,
					"Citations": 469.0000,
					"Norm. citations": 34.8435
				},
				"scores": {
					"Pub. year": 2017.0000,
					"Citations": 469.0000,
					"Norm. citations": 34.8435
				}
			},
			{
				"id": 52,
				"label": "mona alshahrani (2017)",
				"description": "<table><tr><td>Authors:</td><td>mona alshahrani; asif m. khan; omar maddouri; akira r. kinjo; núria queralt-rosiñach; robert hoehndorf</td></tr><tr><td>Title:</td><td>neuro-symbolic representation learning on biological knowledge graphs</td></tr><tr><td>Source:</td><td>bioinformatics, 33(17), 2723-2730</td></tr><tr><td>Year:</td><td>2017</td></tr></table>",
				"url": "https://doi.org/https://doi.org/10.1093/bioinformatics/btx275",
				"x": -0.4636,
				"y": 0.0350,
				"cluster": 2,
				"weights": {
					"Links": 7.0000,
					"Citations": 131.0000,
					"Norm. citations": 9.7324
				},
				"scores": {
					"Pub. year": 2017.0000,
					"Citations": 131.0000,
					"Norm. citations": 9.7324
				}
			},
			{
				"id": 62,
				"label": "laurel cooper (2017)",
				"description": "<table><tr><td>Authors:</td><td>laurel cooper; austin meier; marie‐angélique laporte; justin elser; chris mungall; brandon t. sinn; dario cavaliere; seth carbon; nathan dunn; barry smith; botong qu; justin preece; eugene zhang; siniša todorović; georgios v. gkoutos; john h. doonan; dennis wm. stevenson; elizabeth arnaud; pankaj jaiswal</td></tr><tr><td>Title:</td><td>the planteome database: an integrated resource for reference ontologies, plant genomics and phenomics</td></tr><tr><td>Source:</td><td>nucleic acids research, 46(d1), d1168-d1180</td></tr><tr><td>Year:</td><td>2017</td></tr></table>",
				"url": "https://doi.org/https://doi.org/10.1093/nar/gkx1152",
				"x": -0.8822,
				"y": -0.3823,
				"cluster": 1,
				"weights": {
					"Links": 4.0000,
					"Citations": 167.0000,
					"Norm. citations": 12.4070
				},
				"scores": {
					"Pub. year": 2017.0000,
					"Citations": 167.0000,
					"Norm. citations": 12.4070
				}
			},
			{
				"id": 76,
				"label": "fatima zohra smaili (2018a)",
				"description": "<table><tr><td>Authors:</td><td>fatima zohra smaili; xin gao; robert hoehndorf</td></tr><tr><td>Title:</td><td>opa2vec: combining formal and informal content of biomedical ontologies to improve similarity-based prediction</td></tr><tr><td>Source:</td><td>bioinformatics, 35(12), 2133-2140</td></tr><tr><td>Year:</td><td>2018</td></tr></table>",
				"url": "https://doi.org/https://doi.org/10.1093/bioinformatics/bty933",
				"x": -0.4544,
				"y": -0.1101,
				"cluster": 2,
				"weights": {
					"Links": 8.0000,
					"Citations": 146.0000,
					"Norm. citations": 10.0953
				},
				"scores": {
					"Pub. year": 2018.0000,
					"Citations": 146.0000,
					"Norm. citations": 10.0953
				}
			},
			{
				"id": 85,
				"label": "clément jonquet (2017)",
				"description": "<table><tr><td>Authors:</td><td>clément jonquet; anne toulet; elizabeth arnaud; sophie aubin; windpouire esther dzale yeumo; vincent emonet; john graybeal; marie‐angélique laporte; mark a. musen; valeria pesce; pierre larmande</td></tr><tr><td>Title:</td><td>agroportal: a vocabulary and ontology repository for agronomy</td></tr><tr><td>Source:</td><td>computers and electronics in agriculture, 144, 126-143</td></tr><tr><td>Year:</td><td>2017</td></tr></table>",
				"url": "https://doi.org/https://doi.org/10.1016/j.compag.2017.10.012",
				"x": -0.8947,
				"y": -0.4299,
				"cluster": 1,
				"weights": {
					"Links": 7.0000,
					"Citations": 140.0000,
					"Norm. citations": 10.4010
				},
				"scores": {
					"Pub. year": 2017.0000,
					"Citations": 140.0000,
					"Norm. citations": 10.4010
				}
			},
			{
				"id": 103,
				"label": "susan michie (2017a)",
				"description": "<table><tr><td>Authors:</td><td>susan michie; james thomas; marie johnston; pól mac aonghusa; john shawe‐taylor; michael p. kelly; léa a. deleris; ailbhe n. finnerty; marta m. marques; emma norris; alison o'mara‐eves; robert west</td></tr><tr><td>Title:</td><td>the human behaviour-change project: harnessing the power of artificial intelligence and machine learning for evidence synthesis and interpretation</td></tr><tr><td>Source:</td><td>ımplementation science, 12(1)</td></tr><tr><td>Year:</td><td>2017</td></tr></table>",
				"url": "https://doi.org/https://doi.org/10.1186/s13012-017-0641-5",
				"x": -0.6523,
				"y": -0.4758,
				"cluster": 9,
				"weights": {
					"Links": 2.0000,
					"Citations": 303.0000,
					"Norm. citations": 22.5108
				},
				"scores": {
					"Pub. year": 2017.0000,
					"Citations": 303.0000,
					"Norm. citations": 22.5108
				}
			},
			{
				"id": 121,
				"label": "marcos martínez-romero (2017)",
				"description": "<table><tr><td>Authors:</td><td>marcos martínez-romero; clément jonquet; martin j. o’connor; john graybeal; alejandro pazos; mark a. musen</td></tr><tr><td>Title:</td><td>ncbo ontology recommender 2.0: an enhanced approach for biomedical ontology recommendation</td></tr><tr><td>Source:</td><td>journal of biomedical semantics, 8(1)</td></tr><tr><td>Year:</td><td>2017</td></tr></table>",
				"url": "https://doi.org/https://doi.org/10.1186/s13326-017-0128-y",
				"x": -0.8822,
				"y": -0.4997,
				"cluster": 1,
				"weights": {
					"Links": 3.0000,
					"Citations": 89.0000,
					"Norm. citations": 6.6121
				},
				"scores": {
					"Pub. year": 2017.0000,
					"Citations": 89.0000,
					"Norm. citations": 6.6121
				}
			},
			{
				"id": 144,
				"label": "georgios v. gkoutos (2017)",
				"description": "<table><tr><td>Authors:</td><td>georgios v. gkoutos; paul n. schofield; robert hoehndorf</td></tr><tr><td>Title:</td><td>the anatomy of phenotype ontologies: principles, properties and applications</td></tr><tr><td>Source:</td><td>briefings in bioinformatics, 19(5), 1008-1021</td></tr><tr><td>Year:</td><td>2017</td></tr></table>",
				"url": "https://doi.org/https://doi.org/10.1093/bib/bbx035",
				"x": -0.5112,
				"y": -0.1348,
				"cluster": 10,
				"weights": {
					"Links": 6.0000,
					"Citations": 95.0000,
					"Norm. citations": 7.0579
				},
				"scores": {
					"Pub. year": 2017.0000,
					"Citations": 95.0000,
					"Norm. citations": 7.0579
				}
			},
			{
				"id": 167,
				"label": "emma norris (2018)",
				"description": "<table><tr><td>Authors:</td><td>emma norris; ailbhe n. finnerty; janna hastings; gillian stokes; susan michie</td></tr><tr><td>Title:</td><td>ıdentifying and evaluating ontologies related to human behaviour change interventions: a scoping review</td></tr><tr><td>Source:</td><td>[no source]</td></tr><tr><td>Year:</td><td>2018</td></tr></table>",
				"url": "https://doi.org/https://doi.org/10.31234/osf.io/y7dus",
				"x": -0.6510,
				"y": -0.4498,
				"cluster": 9,
				"weights": {
					"Links": 3.0000,
					"Citations": 51.0000,
					"Norm. citations": 3.5264
				},
				"scores": {
					"Pub. year": 2018.0000,
					"Citations": 51.0000,
					"Norm. citations": 3.5264
				}
			},
			{
				"id": 172,
				"label": "v. golenkov (2018)",
				"description": "<table><tr><td>Authors:</td><td>v. golenkov; valery taberko; d. ıvanyuk; k. rusetski; д. в. шункевич; ı. davydenko; victor zakharov; v. p. ıvashenko; д н корончик</td></tr><tr><td>Title:</td><td>desıgnıng batch-manufacturıng enterprıses usıng ontologıes</td></tr><tr><td>Source:</td><td>ontology of designing, 7(2), 123-144</td></tr><tr><td>Year:</td><td>2018</td></tr></table>",
				"url": "https://doi.org/https://doi.org/10.18287/2223-9537-2017-7-2-123-144",
				"x": 1.1603,
				"y": 0.0532,
				"cluster": 7,
				"weights": {
					"Links": 3.0000,
					"Citations": 22.0000,
					"Norm. citations": 1.5212
				},
				"scores": {
					"Pub. year": 2018.0000,
					"Citations": 22.0000,
					"Norm. citations": 1.5212
				}
			},
			{
				"id": 182,
				"label": "jorge martinez‐gil (2018)",
				"description": "<table><tr><td>Authors:</td><td>jorge martinez‐gil; josé f. aldana‐montes; enrique alba</td></tr><tr><td>Title:</td><td>optimizing ontology alignments by using genetic algorithms</td></tr><tr><td>Source:</td><td>[no source]</td></tr><tr><td>Year:</td><td>2018</td></tr></table>",
				"url": "https://doi.org/https://doi.org/10.31219/osf.io/ngjc2",
				"x": 0.4394,
				"y": -0.0188,
				"cluster": 3,
				"weights": {
					"Links": 2.0000,
					"Citations": 90.0000,
					"Norm. citations": 6.2231
				},
				"scores": {
					"Pub. year": 2018.0000,
					"Citations": 90.0000,
					"Norm. citations": 6.2231
				}
			},
			{
				"id": 211,
				"label": "nicolas matentzoglu (2018)",
				"description": "<table><tr><td>Authors:</td><td>nicolas matentzoglu; james malone; chris mungall; robert stevens</td></tr><tr><td>Title:</td><td>mıro: guidelines for minimum information for the reporting of an ontology</td></tr><tr><td>Source:</td><td>journal of biomedical semantics, 9(1)</td></tr><tr><td>Year:</td><td>2018</td></tr></table>",
				"url": "https://doi.org/https://doi.org/10.1186/s13326-017-0172-7",
				"x": -0.6640,
				"y": -0.3789,
				"cluster": 9,
				"weights": {
					"Links": 3.0000,
					"Citations": 69.0000,
					"Norm. citations": 4.7711
				},
				"scores": {
					"Pub. year": 2018.0000,
					"Citations": 69.0000,
					"Norm. citations": 4.7711
				}
			},
			{
				"id": 226,
				"label": "shaohua jiang (2018)",
				"description": "<table><tr><td>Authors:</td><td>shaohua jiang; na wang; jing wu</td></tr><tr><td>Title:</td><td>combining bım and ontology to facilitate ıntelligent green building evaluation</td></tr><tr><td>Source:</td><td>journal of computing in civil engineering, 32(5)</td></tr><tr><td>Year:</td><td>2018</td></tr></table>",
				"url": "https://doi.org/https://doi.org/10.1061/(asce)cp.1943-5487.0000786",
				"x": -0.4032,
				"y": 0.7825,
				"cluster": 5,
				"weights": {
					"Links": 2.0000,
					"Citations": 82.0000,
					"Norm. citations": 5.6700
				},
				"scores": {
					"Pub. year": 2018.0000,
					"Citations": 82.0000,
					"Norm. citations": 5.6700
				}
			},
			{
				"id": 258,
				"label": "fatima zohra smaili (2018b)",
				"description": "<table><tr><td>Authors:</td><td>fatima zohra smaili; xin gao; robert hoehndorf</td></tr><tr><td>Title:</td><td>onto2vec: joint vector-based representation of biological entities and their ontology-based annotations</td></tr><tr><td>Source:</td><td>bioinformatics, 34(13), i52-i60</td></tr><tr><td>Year:</td><td>2018</td></tr></table>",
				"url": "https://doi.org/https://doi.org/10.1093/bioinformatics/bty259",
				"x": -0.4186,
				"y": 0.1516,
				"cluster": 2,
				"weights": {
					"Links": 5.0000,
					"Citations": 112.0000,
					"Norm. citations": 7.7444
				},
				"scores": {
					"Pub. year": 2018.0000,
					"Citations": 112.0000,
					"Norm. citations": 7.7444
				}
			},
			{
				"id": 332,
				"label": "mengyi zhao (2018)",
				"description": "<table><tr><td>Authors:</td><td>mengyi zhao; songmao zhang; weizhuo li; guowei chen</td></tr><tr><td>Title:</td><td>matching biomedical ontologies based on formal concept analysis</td></tr><tr><td>Source:</td><td>journal of biomedical semantics, 9(1)</td></tr><tr><td>Year:</td><td>2018</td></tr></table>",
				"url": "https://doi.org/https://doi.org/10.1186/s13326-018-0178-9",
				"x": 0.1713,
				"y": 0.0101,
				"cluster": 3,
				"weights": {
					"Links": 2.0000,
					"Citations": 49.0000,
					"Norm. citations": 3.3882
				},
				"scores": {
					"Pub. year": 2018.0000,
					"Citations": 49.0000,
					"Norm. citations": 3.3882
				}
			},
			{
				"id": 379,
				"label": "valeriya gribova (2018)",
				"description": "<table><tr><td>Authors:</td><td>valeriya gribova; margarita petryaeva; d.b. okun; елена шалфеева</td></tr><tr><td>Title:</td><td>medıcal dıagnosıs ontology for ıntellıgent decısıon support systems</td></tr><tr><td>Source:</td><td>ontology of designing, 8(1), 58-73</td></tr><tr><td>Year:</td><td>2018</td></tr></table>",
				"url": "https://doi.org/https://doi.org/10.18287/2223-9537-2018-8-1-58-73",
				"x": 1.2332,
				"y": -0.1265,
				"cluster": 8,
				"weights": {
					"Links": 2.0000,
					"Citations": 25.0000,
					"Norm. citations": 1.7286
				},
				"scores": {
					"Pub. year": 2018.0000,
					"Citations": 25.0000,
					"Norm. citations": 1.7286
				}
			},
			{
				"id": 393,
				"label": "ıan harrow (2017)",
				"description": "<table><tr><td>Authors:</td><td>ıan harrow; ernesto jiménez-ruiz; andrea splendiani; martin romacker; peter woollard; scott markel; yasmin alam-faruque; martin c. koch; james malone; arild waaler</td></tr><tr><td>Title:</td><td>matching disease and phenotype ontologies in the ontology alignment evaluation initiative</td></tr><tr><td>Source:</td><td>journal of biomedical semantics, 8(1)</td></tr><tr><td>Year:</td><td>2017</td></tr></table>",
				"url": "https://doi.org/https://doi.org/10.1186/s13326-017-0162-9",
				"x": 0.1693,
				"y": 0.0259,
				"cluster": 3,
				"weights": {
					"Links": 3.0000,
					"Citations": 46.0000,
					"Norm. citations": 3.4175
				},
				"scores": {
					"Pub. year": 2017.0000,
					"Citations": 46.0000,
					"Norm. citations": 3.4175
				}
			},
			{
				"id": 413,
				"label": "ferdinand dhombres (2018)",
				"description": "<table><tr><td>Authors:</td><td>ferdinand dhombres; jean charlet</td></tr><tr><td>Title:</td><td>as ontologies reach maturity, artificial ıntelligence starts being fully efficient: findings from the section on knowledge representation and management for the yearbook 2018</td></tr><tr><td>Source:</td><td>yearbook of medical ınformatics, 27(01), 140-145</td></tr><tr><td>Year:</td><td>2018</td></tr></table>",
				"url": "https://doi.org/https://doi.org/10.1055/s-0038-1667078",
				"x": -0.3699,
				"y": 0.5572,
				"cluster": 5,
				"weights": {
					"Links": 3.0000,
					"Citations": 11.0000,
					"Norm. citations": 0.7606
				},
				"scores": {
					"Pub. year": 2018.0000,
					"Citations": 11.0000,
					"Norm. citations": 0.7606
				}
			},
			{
				"id": 422,
				"label": "prodromos kolyvakis (2018)",
				"description": "<table><tr><td>Authors:</td><td>prodromos kolyvakis; alexandros kalousis; barry smith; dimitris kiritsis</td></tr><tr><td>Title:</td><td>biomedical ontology alignment: an approach based on representation learning</td></tr><tr><td>Source:</td><td>journal of biomedical semantics, 9(1)</td></tr><tr><td>Year:</td><td>2018</td></tr></table>",
				"url": "https://doi.org/https://doi.org/10.1186/s13326-018-0187-8",
				"x": 0.1594,
				"y": -0.0003,
				"cluster": 3,
				"weights": {
					"Links": 3.0000,
					"Citations": 45.0000,
					"Norm. citations": 3.1116
				},
				"scores": {
					"Pub. year": 2018.0000,
					"Citations": 45.0000,
					"Norm. citations": 3.1116
				}
			},
			{
				"id": 428,
				"label": "hansi zhang (2018)",
				"description": "<table><tr><td>Authors:</td><td>hansi zhang; yi guo; qian li; thomas j. george; elizabeth shenkman; françois modave; jiang bian</td></tr><tr><td>Title:</td><td>an ontology-guided semantic data integration framework to support integrative data analysis of cancer survival</td></tr><tr><td>Source:</td><td>bmc medical ınformatics and decision making, 18(s2)</td></tr><tr><td>Year:</td><td>2018</td></tr></table>",
				"url": "https://doi.org/https://doi.org/10.1186/s12911-018-0636-4",
				"x": -0.3902,
				"y": 0.7025,
				"cluster": 5,
				"weights": {
					"Links": 2.0000,
					"Citations": 57.0000,
					"Norm. citations": 3.9413
				},
				"scores": {
					"Pub. year": 2018.0000,
					"Citations": 57.0000,
					"Norm. citations": 3.9413
				}
			},
			{
				"id": 510,
				"label": "miguel ángel rodríguez‐garcía (2017)",
				"description": "<table><tr><td>Authors:</td><td>miguel ángel rodríguez‐garcía; georgios v. gkoutos; paul n. schofield; robert hoehndorf</td></tr><tr><td>Title:</td><td>ıntegrating phenotype ontologies with phenomenet</td></tr><tr><td>Source:</td><td>journal of biomedical semantics, 8(1)</td></tr><tr><td>Year:</td><td>2017</td></tr></table>",
				"url": "https://doi.org/https://doi.org/10.1186/s13326-017-0167-4",
				"x": -0.1139,
				"y": 0.0466,
				"cluster": 3,
				"weights": {
					"Links": 6.0000,
					"Citations": 40.0000,
					"Norm. citations": 2.9717
				},
				"scores": {
					"Pub. year": 2017.0000,
					"Citations": 40.0000,
					"Norm. citations": 2.9717
				}
			},
			{
				"id": 533,
				"label": "pascal neveu (2018)",
				"description": "<table><tr><td>Authors:</td><td>pascal neveu; anne tireau; nadine hilgert; vincent nègre; jonathan mineau-cesari; nicolas brichet; romain chapuis; ısabelle sanchez; cyril pommier; brigitte charnomordic; françois tardieu; llorenç cabrera‐bosquet</td></tr><tr><td>Title:</td><td>dealing with multi‐source and multi‐scale information in plant phenomics: the ontology‐driven phenotyping hybrid ınformation system</td></tr><tr><td>Source:</td><td>new phytologist, 221(1), 588-601</td></tr><tr><td>Year:</td><td>2018</td></tr></table>",
				"url": "https://doi.org/https://doi.org/10.1111/nph.15385",
				"x": -0.7977,
				"y": -0.3406,
				"cluster": 1,
				"weights": {
					"Links": 4.0000,
					"Citations": 68.0000,
					"Norm. citations": 4.7019
				},
				"scores": {
					"Pub. year": 2018.0000,
					"Citations": 68.0000,
					"Norm. citations": 4.7019
				}
			},
			{
				"id": 539,
				"label": "alexandr a. kleschev (2018)",
				"description": "<table><tr><td>Authors:</td><td>alexandr a. kleschev; v. a. timchenko</td></tr><tr><td>Title:</td><td>ımplementatıon of the shell and knowledge portal for mathematıcal proofs verıfıcatıon on the ıacpaas platform</td></tr><tr><td>Source:</td><td>ontology of designing, 8(3), 427-448</td></tr><tr><td>Year:</td><td>2018</td></tr></table>",
				"url": "https://doi.org/https://doi.org/10.18287/2223-9537-2018-8-3-427-448",
				"x": 1.1457,
				"y": 0.0339,
				"cluster": 7,
				"weights": {
					"Links": 2.0000,
					"Citations": 11.0000,
					"Norm. citations": 0.7606
				},
				"scores": {
					"Pub. year": 2018.0000,
					"Citations": 11.0000,
					"Norm. citations": 0.7606
				}
			},
			{
				"id": 545,
				"label": "ferdinand dhombres (2017)",
				"description": "<table><tr><td>Authors:</td><td>ferdinand dhombres; jean charlet</td></tr><tr><td>Title:</td><td>knowledge representation and management, ıt’s time to ıntegrate!</td></tr><tr><td>Source:</td><td>yearbook of medical ınformatics, 26(01), 148-151</td></tr><tr><td>Year:</td><td>2017</td></tr></table>",
				"url": "https://doi.org/https://doi.org/10.15265/iy-2017-030",
				"x": -0.3822,
				"y": 0.6493,
				"cluster": 5,
				"weights": {
					"Links": 2.0000,
					"Citations": 10.0000,
					"Norm. citations": 0.7429
				},
				"scores": {
					"Pub. year": 2017.0000,
					"Citations": 10.0000,
					"Norm. citations": 0.7429
				}
			},
			{
				"id": 555,
				"label": "xingsi xue (2018a)",
				"description": "<table><tr><td>Authors:</td><td>xingsi xue; junfeng chen; xin yao</td></tr><tr><td>Title:</td><td>efficient user ınvolvement in semiautomatic ontology matching</td></tr><tr><td>Source:</td><td>ıeee transactions on emerging topics in computational ıntelligence, 5(2), 214-224</td></tr><tr><td>Year:</td><td>2018</td></tr></table>",
				"url": "https://doi.org/https://doi.org/10.1109/tetci.2018.2883109",
				"x": 0.4269,
				"y": -0.0291,
				"cluster": 3,
				"weights": {
					"Links": 2.0000,
					"Citations": 42.0000,
					"Norm. citations": 2.9041
				},
				"scores": {
					"Pub. year": 2018.0000,
					"Citations": 42.0000,
					"Norm. citations": 2.9041
				}
			},
			{
				"id": 559,
				"label": "j.v. rogushina (2017)",
				"description": "<table><tr><td>Authors:</td><td>j.v. rogushina</td></tr><tr><td>Title:</td><td>analysis of automated matching of the semantic wiki resources with elements of domain ontologies</td></tr><tr><td>Source:</td><td>ınternational journal of mathematical sciences and computing, 3(3), 50-58</td></tr><tr><td>Year:</td><td>2017</td></tr></table>",
				"url": "https://doi.org/https://doi.org/10.5815/ijmsc.2017.03.05",
				"x": 1.2363,
				"y": -0.1762,
				"cluster": 8,
				"weights": {
					"Links": 2.0000,
					"Citations": 31.0000,
					"Norm. citations": 2.3031
				},
				"scores": {
					"Pub. year": 2017.0000,
					"Citations": 31.0000,
					"Norm. citations": 2.3031
				}
			},
			{
				"id": 572,
				"label": "miguel ángel rodríguez‐garcía (2018)",
				"description": "<table><tr><td>Authors:</td><td>miguel ángel rodríguez‐garcía; robert hoehndorf</td></tr><tr><td>Title:</td><td>ınferring ontology graph structures using owl reasoning</td></tr><tr><td>Source:</td><td>bmc bioinformatics, 19(1)</td></tr><tr><td>Year:</td><td>2018</td></tr></table>",
				"url": "https://doi.org/https://doi.org/10.1186/s12859-017-1999-8",
				"x": -0.4272,
				"y": 0.0468,
				"cluster": 2,
				"weights": {
					"Links": 4.0000,
					"Citations": 27.0000,
					"Norm. citations": 1.8669
				},
				"scores": {
					"Pub. year": 2018.0000,
					"Citations": 27.0000,
					"Norm. citations": 1.8669
				}
			},
			{
				"id": 591,
				"label": "zlatan dragisic (2017)",
				"description": "<table><tr><td>Authors:</td><td>zlatan dragisic; valentina ıvanova; huanyu li; patrick lambrix</td></tr><tr><td>Title:</td><td>experiences from the anatomy track in the ontology alignment evaluation initiative</td></tr><tr><td>Source:</td><td>journal of biomedical semantics, 8(1)</td></tr><tr><td>Year:</td><td>2017</td></tr></table>",
				"url": "https://doi.org/https://doi.org/10.1186/s13326-017-0166-5",
				"x": 0.2529,
				"y": -0.0068,
				"cluster": 3,
				"weights": {
					"Links": 2.0000,
					"Citations": 37.0000,
					"Norm. citations": 2.7488
				},
				"scores": {
					"Pub. year": 2017.0000,
					"Citations": 37.0000,
					"Norm. citations": 2.7488
				}
			},
			{
				"id": 611,
				"label": "susan michie (2017b)",
				"description": "<table><tr><td>Authors:</td><td>susan michie; marie johnston</td></tr><tr><td>Title:</td><td>optimising the value of the evidence generated in implementation science: the use of ontologies to address the challenges</td></tr><tr><td>Source:</td><td>ımplementation science, 12(1)</td></tr><tr><td>Year:</td><td>2017</td></tr></table>",
				"url": "https://doi.org/https://doi.org/10.1186/s13012-017-0660-2",
				"x": -0.6408,
				"y": -0.4734,
				"cluster": 9,
				"weights": {
					"Links": 2.0000,
					"Citations": 82.0000,
					"Norm. citations": 6.0920
				},
				"scores": {
					"Pub. year": 2017.0000,
					"Citations": 82.0000,
					"Norm. citations": 6.0920
				}
			},
			{
				"id": 619,
				"label": "alexander kleschev (2018)",
				"description": "<table><tr><td>Authors:</td><td>alexander kleschev; v. a. timchenko</td></tr><tr><td>Title:</td><td>theoretıcal foundatıons for creatıon of a shell for ınteractıve systems of ıntuıtıve mathematıcal proofs’ verıfıcatıon</td></tr><tr><td>Source:</td><td>ontology of designing, 8(2), 219-239</td></tr><tr><td>Year:</td><td>2018</td></tr></table>",
				"url": "https://doi.org/https://doi.org/10.18287/2223-9537-2018-8-2-219-239",
				"x": 1.1118,
				"y": -0.0073,
				"cluster": 7,
				"weights": {
					"Links": 7.0000,
					"Citations": 20.0000,
					"Norm. citations": 1.3829
				},
				"scores": {
					"Pub. year": 2018.0000,
					"Citations": 20.0000,
					"Norm. citations": 1.3829
				}
			},
			{
				"id": 651,
				"label": "kenneth bacławski (2017a)",
				"description": "<table><tr><td>Authors:</td><td>kenneth bacławski; mike bennett; gary berg‐cross; donna fritzsche; todd schneider; ravi sharma; ram d. sriram; andrea westerinen</td></tr><tr><td>Title:</td><td>ontology summit 2017 communiqué – aı, learning, reasoning and ontologies</td></tr><tr><td>Source:</td><td>applied ontology, 13(1), 3-18</td></tr><tr><td>Year:</td><td>2017</td></tr></table>",
				"url": "https://doi.org/https://doi.org/10.3233/ao-170191",
				"x": 1.1159,
				"y": -0.1535,
				"cluster": 4,
				"weights": {
					"Links": 7.0000,
					"Citations": 30.0000,
					"Norm. citations": 2.2288
				},
				"scores": {
					"Pub. year": 2017.0000,
					"Citations": 30.0000,
					"Norm. citations": 2.2288
				}
			},
			{
				"id": 687,
				"label": "vladimir golovko (2018)",
				"description": "<table><tr><td>Authors:</td><td>vladimir golovko; в. в. голенков; v. p. ıvashenko; valery taberko; d. ıvniuk; aliaksandr kroshchanka; maxim s. kovalev</td></tr><tr><td>Title:</td><td>ıntegratıon of artıfıcıal neural networks and knowledge bases</td></tr><tr><td>Source:</td><td>ontology of designing, 8(3), 366-386</td></tr><tr><td>Year:</td><td>2018</td></tr></table>",
				"url": "https://doi.org/https://doi.org/10.18287/2223-9537-2018-8-3-366-386",
				"x": 1.1402,
				"y": 0.0578,
				"cluster": 7,
				"weights": {
					"Links": 2.0000,
					"Citations": 20.0000,
					"Norm. citations": 1.3829
				},
				"scores": {
					"Pub. year": 2018.0000,
					"Citations": 20.0000,
					"Norm. citations": 1.3829
				}
			},
			{
				"id": 771,
				"label": "stanislav mikoni (2017)",
				"description": "<table><tr><td>Authors:</td><td>stanislav mikoni</td></tr><tr><td>Title:</td><td>on the qualıty of ontologıcal models</td></tr><tr><td>Source:</td><td>ontology of designing, 7(3), 347-360</td></tr><tr><td>Year:</td><td>2017</td></tr></table>",
				"url": "https://doi.org/https://doi.org/10.18287/2223-9537-2017-7-3-347-360",
				"x": 1.1884,
				"y": -0.1207,
				"cluster": 8,
				"weights": {
					"Links": 5.0000,
					"Citations": 39.0000,
					"Norm. citations": 2.8974
				},
				"scores": {
					"Pub. year": 2017.0000,
					"Citations": 39.0000,
					"Norm. citations": 2.8974
				}
			},
			{
				"id": 813,
				"label": "clément jonquet (2018)",
				"description": "<table><tr><td>Authors:</td><td>clément jonquet; anne toulet; biswanath dutta; vincent emonet</td></tr><tr><td>Title:</td><td>harnessing the power of unified metadata in an ontology repository: the case of agroportal</td></tr><tr><td>Source:</td><td>journal on data semantics, 7(4), 191-221</td></tr><tr><td>Year:</td><td>2018</td></tr></table>",
				"url": "https://doi.org/https://doi.org/10.1007/s13740-018-0091-5",
				"x": -0.8177,
				"y": -0.4254,
				"cluster": 1,
				"weights": {
					"Links": 5.0000,
					"Citations": 20.0000,
					"Norm. citations": 1.3829
				},
				"scores": {
					"Pub. year": 2018.0000,
					"Citations": 20.0000,
					"Norm. citations": 1.3829
				}
			},
			{
				"id": 821,
				"label": "maxat kulmanov (2017b)",
				"description": "<table><tr><td>Authors:</td><td>maxat kulmanov; robert hoehndorf</td></tr><tr><td>Title:</td><td>evaluating the effect of annotation size on measures of semantic similarity</td></tr><tr><td>Source:</td><td>journal of biomedical semantics, 8(1)</td></tr><tr><td>Year:</td><td>2017</td></tr></table>",
				"url": "https://doi.org/https://doi.org/10.1186/s13326-017-0119-z",
				"x": -0.3910,
				"y": 0.4216,
				"cluster": 6,
				"weights": {
					"Links": 4.0000,
					"Citations": 33.0000,
					"Norm. citations": 2.4517
				},
				"scores": {
					"Pub. year": 2017.0000,
					"Citations": 33.0000,
					"Norm. citations": 2.4517
				}
			},
			{
				"id": 836,
				"label": "tunca doğan (2018)",
				"description": "<table><tr><td>Authors:</td><td>tunca doğan</td></tr><tr><td>Title:</td><td>hpo2go: prediction of human phenotype ontology term associations for proteins using cross ontology annotation co-occurrences</td></tr><tr><td>Source:</td><td>peerj, 6, e5298-e5298</td></tr><tr><td>Year:</td><td>2018</td></tr></table>",
				"url": "https://doi.org/https://doi.org/10.7717/peerj.5298",
				"x": -0.3275,
				"y": 0.4217,
				"cluster": 6,
				"weights": {
					"Links": 5.0000,
					"Citations": 35.0000,
					"Norm. citations": 2.4201
				},
				"scores": {
					"Pub. year": 2018.0000,
					"Citations": 35.0000,
					"Norm. citations": 2.4201
				}
			},
			{
				"id": 935,
				"label": "donna fritzsche (2017)",
				"description": "<table><tr><td>Authors:</td><td>donna fritzsche; michael grüninger; ken baclawski; mike bennett; gary berg‐cross; todd schneider; ram d. sriram; mark underwood; andrea westerinen</td></tr><tr><td>Title:</td><td>ontology summit 2016 communique: ontologies within semantic interoperability ecosystems</td></tr><tr><td>Source:</td><td>applied ontology, 12(2), 91-111</td></tr><tr><td>Year:</td><td>2017</td></tr></table>",
				"url": "https://doi.org/https://doi.org/10.3233/ao-170181",
				"x": 1.0623,
				"y": -0.1769,
				"cluster": 4,
				"weights": {
					"Links": 3.0000,
					"Citations": 22.0000,
					"Norm. citations": 1.6345
				},
				"scores": {
					"Pub. year": 2017.0000,
					"Citations": 22.0000,
					"Norm. citations": 1.6345
				}
			},
			{
				"id": 1016,
				"label": "ernesto jiménez-ruiz (2017)",
				"description": "<table><tr><td>Authors:</td><td>ernesto jiménez-ruiz</td></tr><tr><td>Title:</td><td>logmap family participation in the oaeı 2017</td></tr><tr><td>Source:</td><td>ceur workshop proceedings ebooks, 2032, 153-157</td></tr><tr><td>Year:</td><td>2017</td></tr></table>",
				"x": 0.3957,
				"y": -0.0134,
				"cluster": 3,
				"weights": {
					"Links": 5.0000,
					"Citations": 39.0000,
					"Norm. citations": 2.8974
				},
				"scores": {
					"Pub. year": 2017.0000,
					"Citations": 39.0000,
					"Norm. citations": 2.8974
				}
			},
			{
				"id": 1047,
				"label": "lisa harper (2018)",
				"description": "<table><tr><td>Authors:</td><td>lisa harper; jacqueline campbell; ethalinda k. s. cannon; sook jung; monica f. poelchau; ramona walls; carson m. andorf; elizabeth arnaud; tanya berardini; c. m. birkett; stephen c. cannon; james p. carson; bradford condon; laurel cooper; nathan dunn; christine g. elsik; andrew farmer; stephen ficklin; david grant; emily grau; nic herndon; zhi-liang hu; jodi l. humann; pankaj jaiswal; clément jonquet; marie‐angélique laporte; pierre larmande; gerard r. lazo; fiona m. mccarthy; naama menda; chris mungall; monica muñoz‐torres; sushma naithani; rex t. nelson; daureen nesdill; carissa park; james m. reecy; leonore reiser; lacey-anne sanderson; taner z. sen; margaret staton; sabarinath subramaniam; marcela k. tello‐ruiz; victor unda; deepak unni; liya wang; doreen ware; jill l. wegrzyn; jason williams; margaret woodhouse; jing yu; doreen main</td></tr><tr><td>Title:</td><td>agbiodata consortium recommendations for sustainable genomics and genetics databases for agriculture</td></tr><tr><td>Source:</td><td>database, 2018</td></tr><tr><td>Year:</td><td>2018</td></tr></table>",
				"url": "https://doi.org/https://doi.org/10.1093/database/bay088",
				"x": -0.9266,
				"y": -0.4012,
				"cluster": 1,
				"weights": {
					"Links": 3.0000,
					"Citations": 70.0000,
					"Norm. citations": 4.8402
				},
				"scores": {
					"Pub. year": 2018.0000,
					"Citations": 70.0000,
					"Norm. citations": 4.8402
				}
			},
			{
				"id": 1081,
				"label": "guoshun liu (2018)",
				"description": "<table><tr><td>Authors:</td><td>guoshun liu; zhiyang jia; wei gao</td></tr><tr><td>Title:</td><td>ontology similarity computing based on stochastic primal dual coordinate technique</td></tr><tr><td>Source:</td><td>open journal of mathematical sciences, 2(2018)(1), 221-227</td></tr><tr><td>Year:</td><td>2018</td></tr></table>",
				"url": "https://doi.org/https://doi.org/10.30538/oms2018.0030",
				"x": -0.3973,
				"y": 0.7470,
				"cluster": 5,
				"weights": {
					"Links": 2.0000,
					"Citations": 15.0000,
					"Norm. citations": 1.0372
				},
				"scores": {
					"Pub. year": 2018.0000,
					"Citations": 15.0000,
					"Norm. citations": 1.0372
				}
			},
			{
				"id": 1092,
				"label": "kenneth bacławski (2018)",
				"description": "<table><tr><td>Authors:</td><td>kenneth bacławski; mike bennett; gary berg‐cross; cory casanave; donna fritzsche; joanne luciano; todd schneider; ravi sharma; janet singer; john f. sowa; ram d. sriram; andrea westerinen; david g. whitten</td></tr><tr><td>Title:</td><td>ontology summit 2018 communiqué: contexts in context</td></tr><tr><td>Source:</td><td>applied ontology, 13(3), 181-200</td></tr><tr><td>Year:</td><td>2018</td></tr></table>",
				"url": "https://doi.org/https://doi.org/10.3233/ao-180200",
				"x": 1.0145,
				"y": -0.1195,
				"cluster": 4,
				"weights": {
					"Links": 4.0000,
					"Citations": 21.0000,
					"Norm. citations": 1.4521
				},
				"scores": {
					"Pub. year": 2018.0000,
					"Citations": 21.0000,
					"Norm. citations": 1.4521
				}
			},
			{
				"id": 1183,
				"label": "syed ahmad chan bukhari (2018)",
				"description": "<table><tr><td>Authors:</td><td>syed ahmad chan bukhari; marcos martínez-romero; martin j. o’ connor; attila l. egyedi; debra willrett; john graybeal; mark a. musen; kei‐hoi cheung; steven h. kleinstein</td></tr><tr><td>Title:</td><td>cedar ondemand: a browser extension to generate ontology-based scientific metadata</td></tr><tr><td>Source:</td><td>bmc bioinformatics, 19(1)</td></tr><tr><td>Year:</td><td>2018</td></tr></table>",
				"url": "https://doi.org/https://doi.org/10.1186/s12859-018-2247-6",
				"x": -0.8907,
				"y": -0.5175,
				"cluster": 1,
				"weights": {
					"Links": 1.0000,
					"Citations": 17.0000,
					"Norm. citations": 1.1755
				},
				"scores": {
					"Pub. year": 2018.0000,
					"Citations": 17.0000,
					"Norm. citations": 1.1755
				}
			},
			{
				"id": 1201,
				"label": "н. и. максимов (2018)",
				"description": "<table><tr><td>Authors:</td><td>н. и. максимов; o. l. golitsina; maria ganchenkova; d. v. sanatov; artem razumov</td></tr><tr><td>Title:</td><td>semantıc core of dıgıtal platform</td></tr><tr><td>Source:</td><td>ontology of designing, 8(3), 412-426</td></tr><tr><td>Year:</td><td>2018</td></tr></table>",
				"url": "https://doi.org/https://doi.org/10.18287/2223-9537-2018-8-3-412-426",
				"x": 1.1709,
				"y": 0.0364,
				"cluster": 7,
				"weights": {
					"Links": 2.0000,
					"Citations": 13.0000,
					"Norm. citations": 0.8989
				},
				"scores": {
					"Pub. year": 2018.0000,
					"Citations": 13.0000,
					"Norm. citations": 0.8989
				}
			},
			{
				"id": 1305,
				"label": "aravind venkatesan (2018)",
				"description": "<table><tr><td>Authors:</td><td>aravind venkatesan; gildas tagny ngompé; nordine el hassouni; ımène chentli; valentin guignon; clément jonquet; manuel ruíz; pierre larmande</td></tr><tr><td>Title:</td><td>agronomic linked data (agrold): a knowledge-based system to enable integrative biology in agronomy</td></tr><tr><td>Source:</td><td>plos one, 13(11), e0198270-e0198270</td></tr><tr><td>Year:</td><td>2018</td></tr></table>",
				"url": "https://doi.org/https://doi.org/10.1371/journal.pone.0198270",
				"x": -0.9214,
				"y": -0.3865,
				"cluster": 1,
				"weights": {
					"Links": 3.0000,
					"Citations": 19.0000,
					"Norm. citations": 1.3138
				},
				"scores": {
					"Pub. year": 2018.0000,
					"Citations": 19.0000,
					"Norm. citations": 1.3138
				}
			},
			{
				"id": 1340,
				"label": "kenneth bacławski (2017b)",
				"description": "<table><tr><td>Authors:</td><td>kenneth bacławski; eric s.w. chan; dieter gawlick; adel ghoneimy; kenny c. gross; zhen hua liu; zhang xing</td></tr><tr><td>Title:</td><td>framework for ontology-driven decision making</td></tr><tr><td>Source:</td><td>applied ontology, 12(3-4), 245-273</td></tr><tr><td>Year:</td><td>2017</td></tr></table>",
				"url": "https://doi.org/https://doi.org/10.3233/ao-170189",
				"x": 1.0981,
				"y": -0.2055,
				"cluster": 4,
				"weights": {
					"Links": 2.0000,
					"Citations": 28.0000,
					"Norm. citations": 2.0802
				},
				"scores": {
					"Pub. year": 2017.0000,
					"Citations": 28.0000,
					"Norm. citations": 2.0802
				}
			},
			{
				"id": 1377,
				"label": "filipe santana da silva (2017)",
				"description": "<table><tr><td>Authors:</td><td>filipe santana da silva; ludger jansen; fred freitas; stefan schulz</td></tr><tr><td>Title:</td><td>ontological interpretation of biomedical database content</td></tr><tr><td>Source:</td><td>journal of biomedical semantics, 8(1)</td></tr><tr><td>Year:</td><td>2017</td></tr></table>",
				"url": "https://doi.org/https://doi.org/10.1186/s13326-017-0127-z",
				"x": -0.4368,
				"y": -0.1334,
				"cluster": 2,
				"weights": {
					"Links": 1.0000,
					"Citations": 11.0000,
					"Norm. citations": 0.8172
				},
				"scores": {
					"Pub. year": 2017.0000,
					"Citations": 11.0000,
					"Norm. citations": 0.8172
				}
			},
			{
				"id": 1409,
				"label": "stavros makrodimitris (2018)",
				"description": "<table><tr><td>Authors:</td><td>stavros makrodimitris; roeland c. h. j. van ham; marcel j. t. reinders</td></tr><tr><td>Title:</td><td>ımproving protein function prediction using protein sequence and go-term similarities</td></tr><tr><td>Source:</td><td>bioinformatics, 35(7), 1116-1124</td></tr><tr><td>Year:</td><td>2018</td></tr></table>",
				"url": "https://doi.org/https://doi.org/10.1093/bioinformatics/bty751",
				"x": -0.5063,
				"y": -0.0005,
				"cluster": 2,
				"weights": {
					"Links": 2.0000,
					"Citations": 32.0000,
					"Norm. citations": 2.2127
				},
				"scores": {
					"Pub. year": 2018.0000,
					"Citations": 32.0000,
					"Norm. citations": 2.2127
				}
			},
			{
				"id": 1414,
				"label": "mike bennett (2017)",
				"description": "<table><tr><td>Authors:</td><td>mike bennett; kenneth bacławski</td></tr><tr><td>Title:</td><td>the role of ontologies in linked data, big data and semantic web applications</td></tr><tr><td>Source:</td><td>applied ontology, 12(3-4), 189-194</td></tr><tr><td>Year:</td><td>2017</td></tr></table>",
				"url": "https://doi.org/https://doi.org/10.3233/ao-170185",
				"x": 1.0803,
				"y": -0.2038,
				"cluster": 4,
				"weights": {
					"Links": 2.0000,
					"Citations": 14.0000,
					"Norm. citations": 1.0401
				},
				"scores": {
					"Pub. year": 2017.0000,
					"Citations": 14.0000,
					"Norm. citations": 1.0401
				}
			},
			{
				"id": 1428,
				"label": "andon tchechmedjiev (2018)",
				"description": "<table><tr><td>Authors:</td><td>andon tchechmedjiev; amine abdaoui; vincent emonet; stella zevio; clément jonquet</td></tr><tr><td>Title:</td><td>sıfr annotator: ontology-based semantic annotation of french biomedical text and clinical notes</td></tr><tr><td>Source:</td><td>bmc bioinformatics, 19(1)</td></tr><tr><td>Year:</td><td>2018</td></tr></table>",
				"url": "https://doi.org/https://doi.org/10.1186/s12859-018-2429-2",
				"x": -0.9284,
				"y": -0.4515,
				"cluster": 1,
				"weights": {
					"Links": 1.0000,
					"Citations": 17.0000,
					"Norm. citations": 1.1755
				},
				"scores": {
					"Pub. year": 2018.0000,
					"Citations": 17.0000,
					"Norm. citations": 1.1755
				}
			},
			{
				"id": 1435,
				"label": "windpouire esther dzale yeumo (2017)",
				"description": "<table><tr><td>Authors:</td><td>windpouire esther dzale yeumo; michaël alaux; elizabeth arnaud; sophie aubin; ute baumann; patrice buche; laurel cooper; hanna ćwiek‐kupczyńska; robert davey; richard fulss; clément jonquet; marie‐angélique laporte; pierre larmande; cyril pommier; vassilis protonotarios; carmen reverté; rosemary shrestha; ımma subirats; aravind venkatesan; alex whan; hadi quesneville</td></tr><tr><td>Title:</td><td>developing data interoperability using standards: a wheat community use case</td></tr><tr><td>Source:</td><td>f1000research, 6, 1843-1843</td></tr><tr><td>Year:</td><td>2017</td></tr></table>",
				"url": "https://doi.org/https://doi.org/10.12688/f1000research.12234.2",
				"x": -0.8303,
				"y": -0.3892,
				"cluster": 1,
				"weights": {
					"Links": 3.0000,
					"Citations": 22.0000,
					"Norm. citations": 1.6345
				},
				"scores": {
					"Pub. year": 2017.0000,
					"Citations": 22.0000,
					"Norm. citations": 1.6345
				}
			},
			{
				"id": 1541,
				"label": "marouen kachroudi (2017)",
				"description": "<table><tr><td>Authors:</td><td>marouen kachroudi; gayo diallo; sadok ben yahia</td></tr><tr><td>Title:</td><td>on the composition of large biomedical ontologies alignment</td></tr><tr><td>Source:</td><td>[no source], 1-10</td></tr><tr><td>Year:</td><td>2017</td></tr></table>",
				"url": "https://doi.org/https://doi.org/10.1145/3102254.3102284",
				"x": 0.8882,
				"y": -0.0674,
				"cluster": 4,
				"weights": {
					"Links": 4.0000,
					"Citations": 13.0000,
					"Norm. citations": 0.9658
				},
				"scores": {
					"Pub. year": 2017.0000,
					"Citations": 13.0000,
					"Norm. citations": 0.9658
				}
			},
			{
				"id": 1567,
				"label": "mona alshahrani (2018a)",
				"description": "<table><tr><td>Authors:</td><td>mona alshahrani; robert hoehndorf</td></tr><tr><td>Title:</td><td>semantic disease gene embeddings (smudge): phenotype-based disease gene prioritization without phenotypes</td></tr><tr><td>Source:</td><td>bioinformatics, 34(17), i901-i907</td></tr><tr><td>Year:</td><td>2018</td></tr></table>",
				"url": "https://doi.org/https://doi.org/10.1093/bioinformatics/bty559",
				"x": -0.3905,
				"y": 0.0337,
				"cluster": 2,
				"weights": {
					"Links": 7.0000,
					"Citations": 55.0000,
					"Norm. citations": 3.8030
				},
				"scores": {
					"Pub. year": 2018.0000,
					"Citations": 55.0000,
					"Norm. citations": 3.8030
				}
			},
			{
				"id": 1632,
				"label": "sebastian köhler (2018b)",
				"description": "<table><tr><td>Authors:</td><td>sebastian köhler</td></tr><tr><td>Title:</td><td>ımproved ontology-based similarity calculations using a study-wise annotation model</td></tr><tr><td>Source:</td><td>database, 2018</td></tr><tr><td>Year:</td><td>2018</td></tr></table>",
				"url": "https://doi.org/https://doi.org/10.1093/database/bay026",
				"x": -0.4199,
				"y": 0.4468,
				"cluster": 6,
				"weights": {
					"Links": 2.0000,
					"Citations": 15.0000,
					"Norm. citations": 1.0372
				},
				"scores": {
					"Pub. year": 2018.0000,
					"Citations": 15.0000,
					"Norm. citations": 1.0372
				}
			},
			{
				"id": 1689,
				"label": "d. v. troshin (2017)",
				"description": "<table><tr><td>Authors:</td><td>d. v. troshin</td></tr><tr><td>Title:</td><td>foundatıons of a conceptual model of economıc securıty threat sources at the natıonal level</td></tr><tr><td>Source:</td><td>ontology of designing, 7(4), 410-422</td></tr><tr><td>Year:</td><td>2017</td></tr></table>",
				"url": "https://doi.org/https://doi.org/10.18287/2223-9537-2017-7-4-410-422",
				"x": 1.2279,
				"y": -0.1494,
				"cluster": 8,
				"weights": {
					"Links": 4.0000,
					"Citations": 18.0000,
					"Norm. citations": 1.3373
				},
				"scores": {
					"Pub. year": 2017.0000,
					"Citations": 18.0000,
					"Norm. citations": 1.3373
				}
			},
			{
				"id": 1734,
				"label": "xingsi xue (2018b)",
				"description": "<table><tr><td>Authors:</td><td>xingsi xue; junfeng chen</td></tr><tr><td>Title:</td><td>a preference-based multi-objective evolutionary algorithm for semiautomatic sensor ontology matching</td></tr><tr><td>Source:</td><td>ınternational journal of swarm ıntelligence research, 9(2), 1-14</td></tr><tr><td>Year:</td><td>2018</td></tr></table>",
				"url": "https://doi.org/https://doi.org/10.4018/ijsir.2018040101",
				"x": 0.4298,
				"y": -0.0058,
				"cluster": 3,
				"weights": {
					"Links": 2.0000,
					"Citations": 10.0000,
					"Norm. citations": 0.6915
				},
				"scores": {
					"Pub. year": 2018.0000,
					"Citations": 10.0000,
					"Norm. citations": 0.6915
				}
			},
			{
				"id": 1809,
				"label": "djamel saba (2017)",
				"description": "<table><tr><td>Authors:</td><td>djamel saba; fatima zohra laallam; hocine belmili; fonbeyin henry abanda; ahmed bouraiou</td></tr><tr><td>Title:</td><td>development of an ontology-based generic optimisation tool for the design of hybrid energy systems</td></tr><tr><td>Source:</td><td>ınternational journal of computer applications in technology, 55(3), 232-232</td></tr><tr><td>Year:</td><td>2017</td></tr></table>",
				"url": "https://doi.org/https://doi.org/10.1504/ijcat.2017.084773",
				"x": -0.4056,
				"y": 0.7967,
				"cluster": 5,
				"weights": {
					"Links": 1.0000,
					"Citations": 20.0000,
					"Norm. citations": 1.4859
				},
				"scores": {
					"Pub. year": 2017.0000,
					"Citations": 20.0000,
					"Norm. citations": 1.4859
				}
			},
			{
				"id": 2188,
				"label": "timothy gall (2017)",
				"description": "<table><tr><td>Authors:</td><td>timothy gall; elise valkanas; christofer bello; thomas c. markello; david r. adams; william p. bone; alexander brandt; jennifer m. brazill; lynn p. carmichael; mariska davids; joie davis; zoraida diaz-perez; david d. draper; jeremy elson; elise d. flynn; rena a. godfrey; catherine groden; cheng-kang hsieh; roxanne fischer; gretchen golas; jessica guzman; yan huang; megan kane; elizabeth lee; chong li; amanda e. links; valerie v. maduro; may christine v. malicdan; fayeza s. malik; michele nehrebecky; joun park; p. j. pemberton; katherine e. schaffer; dimitre r. simeonov; murat sincan; damian smedley; zaheer m. valivullah; colleen e. wahl; nicole l. washington; lynne a. wolfe; karen l. xu; yi zhu; william a. gahl; cynthia j. tifft; camillo toro; miao he; peter n. robinson; melissa haendel; r. grace zhai; cornelius f. boerkoel</td></tr><tr><td>Title:</td><td>defining disease, diagnosis, and translational medicine within a homeostatic perturbation paradigm: the national ınstitutes of health undiagnosed diseases program experience</td></tr><tr><td>Source:</td><td>frontiers in medicine, 4</td></tr><tr><td>Year:</td><td>2017</td></tr></table>",
				"url": "https://doi.org/https://doi.org/10.3389/fmed.2017.00062",
				"x": -0.4653,
				"y": 0.4762,
				"cluster": 6,
				"weights": {
					"Links": 1.0000,
					"Citations": 29.0000,
					"Norm. citations": 2.1545
				},
				"scores": {
					"Pub. year": 2017.0000,
					"Citations": 29.0000,
					"Norm. citations": 2.1545
				}
			},
			{
				"id": 2453,
				"label": "с. м. ковалев (2017)",
				"description": "<table><tr><td>Authors:</td><td>с. м. ковалев; anna e. kolodenkova</td></tr><tr><td>Title:</td><td>knowledge base desıgn for the ıntellıgent system for control and preventıons of rısk sıtuatıons ın the desıgn stage of complex technıcal systems</td></tr><tr><td>Source:</td><td>ontology of designing, 7(4), 398-409</td></tr><tr><td>Year:</td><td>2017</td></tr></table>",
				"url": "https://doi.org/https://doi.org/10.18287/2223-9537-2017-7-4-398-409",
				"x": 1.2086,
				"y": -0.1718,
				"cluster": 8,
				"weights": {
					"Links": 3.0000,
					"Citations": 15.0000,
					"Norm. citations": 1.1144
				},
				"scores": {
					"Pub. year": 2017.0000,
					"Citations": 15.0000,
					"Norm. citations": 1.1144
				}
			},
			{
				"id": 2741,
				"label": "m. grischenko (2018)",
				"description": "<table><tr><td>Authors:</td><td>m. grischenko; nikita o. dorodnykh; sergey korshunov; aleksandr yu. yurin</td></tr><tr><td>Title:</td><td>ontology-based development of dıagnostıc ıntellıgent systems</td></tr><tr><td>Source:</td><td>ontology of designing, 8(2), 265-284</td></tr><tr><td>Year:</td><td>2018</td></tr></table>",
				"url": "https://doi.org/https://doi.org/10.18287/2223-9537-2018-8-2-265-284",
				"x": 1.0443,
				"y": -0.0965,
				"cluster": 4,
				"weights": {
					"Links": 4.0000,
					"Citations": 15.0000,
					"Norm. citations": 1.0372
				},
				"scores": {
					"Pub. year": 2018.0000,
					"Citations": 15.0000,
					"Norm. citations": 1.0372
				}
			},
			{
				"id": 3536,
				"label": "marco notaro (2017)",
				"description": "<table><tr><td>Authors:</td><td>marco notaro; max schubach; peter n. robinson; giorgio valentini</td></tr><tr><td>Title:</td><td>prediction of human phenotype ontology terms by means of hierarchical ensemble methods</td></tr><tr><td>Source:</td><td>bmc bioinformatics, 18(1)</td></tr><tr><td>Year:</td><td>2017</td></tr></table>",
				"url": "https://doi.org/https://doi.org/10.1186/s12859-017-1854-y",
				"x": -0.3482,
				"y": 0.5138,
				"cluster": 5,
				"weights": {
					"Links": 2.0000,
					"Citations": 33.0000,
					"Norm. citations": 2.4517
				},
				"scores": {
					"Pub. year": 2017.0000,
					"Citations": 33.0000,
					"Norm. citations": 2.4517
				}
			},
			{
				"id": 4040,
				"label": "yvonne c.m. staal (2017)",
				"description": "<table><tr><td>Authors:</td><td>yvonne c.m. staal; jeroen l.a. pennings; ellen v.s. hessel; aldert h. piersma</td></tr><tr><td>Title:</td><td>advanced toxicological risk assessment by ımplementation of ontologies operationalized in computational models</td></tr><tr><td>Source:</td><td>applied ın vitro toxicology, 3(4), 325-332</td></tr><tr><td>Year:</td><td>2017</td></tr></table>",
				"url": "https://doi.org/https://doi.org/10.1089/aivt.2017.0019",
				"x": -0.5245,
				"y": -0.1554,
				"cluster": 10,
				"weights": {
					"Links": 1.0000,
					"Citations": 10.0000,
					"Norm. citations": 0.7429
				},
				"scores": {
					"Pub. year": 2017.0000,
					"Citations": 10.0000,
					"Norm. citations": 0.7429
				}
			},
			{
				"id": 4126,
				"label": "shirly stephen (2017)",
				"description": "<table><tr><td>Authors:</td><td>shirly stephen; torsten hahmann</td></tr><tr><td>Title:</td><td>an ontological framework for characterizing hydrological flow processes</td></tr><tr><td>Source:</td><td>conference on spatial ınformation theory, 14</td></tr><tr><td>Year:</td><td>2017</td></tr></table>",
				"url": "https://doi.org/https://doi.org/10.4230/lipics.cosit.2017.7",
				"x": 1.0467,
				"y": -0.0727,
				"cluster": 4,
				"weights": {
					"Links": 3.0000,
					"Citations": 14.0000,
					"Norm. citations": 1.0401
				},
				"scores": {
					"Pub. year": 2017.0000,
					"Citations": 14.0000,
					"Norm. citations": 1.0401
				}
			},
			{
				"id": 4492,
				"label": "ahmet süreyya rifaioğlu (2017)",
				"description": "<table><tr><td>Authors:</td><td>ahmet süreyya rifaioğlu; tunca doğan; ömer saraç; tülin erşahin; rabie saidi; volkan atalay; maría martin; rengül çetin-atalay</td></tr><tr><td>Title:</td><td>large‐scale automated function prediction of protein sequences and an experimental case study validation on pten transcript variants</td></tr><tr><td>Source:</td><td>proteins structure function and bioinformatics, 86(2), 135-151</td></tr><tr><td>Year:</td><td>2017</td></tr></table>",
				"url": "https://doi.org/https://doi.org/10.1002/prot.25416",
				"x": -0.3082,
				"y": 0.4263,
				"cluster": 6,
				"weights": {
					"Links": 1.0000,
					"Citations": 19.0000,
					"Norm. citations": 1.4116
				},
				"scores": {
					"Pub. year": 2017.0000,
					"Citations": 19.0000,
					"Norm. citations": 1.4116
				}
			},
			{
				"id": 4719,
				"label": "sovan saha (2018)",
				"description": "<table><tr><td>Authors:</td><td>sovan saha; abhimanyu prasad; piyali chatterjee; subhadip basu; mita nasipuri</td></tr><tr><td>Title:</td><td>protein function prediction from protein–protein interaction network using gene ontology based neighborhood analysis and physico-chemical features</td></tr><tr><td>Source:</td><td>journal of bioinformatics and computational biology, 16(06), 1850025-1850025</td></tr><tr><td>Year:</td><td>2018</td></tr></table>",
				"url": "https://doi.org/https://doi.org/10.1142/s0219720018500257",
				"x": -0.5441,
				"y": -0.0400,
				"cluster": 2,
				"weights": {
					"Links": 1.0000,
					"Citations": 25.0000,
					"Norm. citations": 1.7286
				},
				"scores": {
					"Pub. year": 2018.0000,
					"Citations": 25.0000,
					"Norm. citations": 1.7286
				}
			},
			{
				"id": 5237,
				"label": "mona alshahrani (2018b)",
				"description": "<table><tr><td>Authors:</td><td>mona alshahrani; robert hoehndorf</td></tr><tr><td>Title:</td><td>drug repurposing through joint learning on knowledge graphs and literature</td></tr><tr><td>Source:</td><td>biorxiv (cold spring harbor laboratory)</td></tr><tr><td>Year:</td><td>2018</td></tr></table>",
				"url": "https://doi.org/https://doi.org/10.1101/385617",
				"x": -0.4232,
				"y": 0.0949,
				"cluster": 2,
				"weights": {
					"Links": 3.0000,
					"Citations": 18.0000,
					"Norm. citations": 1.2446
				},
				"scores": {
					"Pub. year": 2018.0000,
					"Citations": 18.0000,
					"Norm. citations": 1.2446
				}
			},
			{
				"id": 5909,
				"label": "angela adler (2018)",
				"description": "<table><tr><td>Authors:</td><td>angela adler; pia kirchmeier; julian reinhard; barbara brauner; ırmtraud dunger; gisela fobo; goar frishman; corinna montrone; hans‐werner mewes; matthias arnold; andreas ruepp</td></tr><tr><td>Title:</td><td>phenodis: a comprehensive database for phenotypic characterization of rare cardiac diseases</td></tr><tr><td>Source:</td><td>orphanet journal of rare diseases, 13(1)</td></tr><tr><td>Year:</td><td>2018</td></tr></table>",
				"url": "https://doi.org/https://doi.org/10.1186/s13023-018-0765-y",
				"x": -0.4517,
				"y": 0.4948,
				"cluster": 6,
				"weights": {
					"Links": 1.0000,
					"Citations": 20.0000,
					"Norm. citations": 1.3829
				},
				"scores": {
					"Pub. year": 2018.0000,
					"Citations": 20.0000,
					"Norm. citations": 1.3829
				}
			}
		],
		"links": [
			{
				"source_id": 23,
				"target_id": 836
			},
			{
				"source_id": 23,
				"target_id": 1632
			},
			{
				"source_id": 23,
				"target_id": 2188
			},
			{
				"source_id": 23,
				"target_id": 5909
			},
			{
				"source_id": 47,
				"target_id": 52
			},
			{
				"source_id": 47,
				"target_id": 76
			},
			{
				"source_id": 47,
				"target_id": 144
			},
			{
				"source_id": 47,
				"target_id": 1409
			},
			{
				"source_id": 47,
				"target_id": 4719
			},
			{
				"source_id": 52,
				"target_id": 76
			},
			{
				"source_id": 52,
				"target_id": 258
			},
			{
				"source_id": 52,
				"target_id": 572
			},
			{
				"source_id": 52,
				"target_id": 1409
			},
			{
				"source_id": 52,
				"target_id": 1567
			},
			{
				"source_id": 52,
				"target_id": 5237
			},
			{
				"source_id": 62,
				"target_id": 533
			},
			{
				"source_id": 62,
				"target_id": 813
			},
			{
				"source_id": 62,
				"target_id": 1047
			},
			{
				"source_id": 62,
				"target_id": 1305
			},
			{
				"source_id": 76,
				"target_id": 144
			},
			{
				"source_id": 76,
				"target_id": 211
			},
			{
				"source_id": 76,
				"target_id": 510
			},
			{
				"source_id": 76,
				"target_id": 572
			},
			{
				"source_id": 76,
				"target_id": 1377
			},
			{
				"source_id": 76,
				"target_id": 1567
			},
			{
				"source_id": 85,
				"target_id": 121
			},
			{
				"source_id": 85,
				"target_id": 533
			},
			{
				"source_id": 85,
				"target_id": 813
			},
			{
				"source_id": 85,
				"target_id": 1047
			},
			{
				"source_id": 85,
				"target_id": 1305
			},
			{
				"source_id": 85,
				"target_id": 1428
			},
			{
				"source_id": 85,
				"target_id": 1435
			},
			{
				"source_id": 103,
				"target_id": 167
			},
			{
				"source_id": 103,
				"target_id": 611
			},
			{
				"source_id": 121,
				"target_id": 813
			},
			{
				"source_id": 121,
				"target_id": 1183
			},
			{
				"source_id": 144,
				"target_id": 510
			},
			{
				"source_id": 144,
				"target_id": 533
			},
			{
				"source_id": 144,
				"target_id": 1567
			},
			{
				"source_id": 144,
				"target_id": 4040
			},
			{
				"source_id": 167,
				"target_id": 211
			},
			{
				"source_id": 167,
				"target_id": 611
			},
			{
				"source_id": 172,
				"target_id": 539
			},
			{
				"source_id": 172,
				"target_id": 687
			},
			{
				"source_id": 172,
				"target_id": 1201
			},
			{
				"source_id": 182,
				"target_id": 555
			},
			{
				"source_id": 182,
				"target_id": 1734
			},
			{
				"source_id": 211,
				"target_id": 813
			},
			{
				"source_id": 226,
				"target_id": 1081
			},
			{
				"source_id": 226,
				"target_id": 1809
			},
			{
				"source_id": 258,
				"target_id": 572
			},
			{
				"source_id": 258,
				"target_id": 821
			},
			{
				"source_id": 258,
				"target_id": 1567
			},
			{
				"source_id": 258,
				"target_id": 5237
			},
			{
				"source_id": 332,
				"target_id": 393
			},
			{
				"source_id": 332,
				"target_id": 422
			},
			{
				"source_id": 379,
				"target_id": 771
			},
			{
				"source_id": 379,
				"target_id": 1689
			},
			{
				"source_id": 393,
				"target_id": 510
			},
			{
				"source_id": 393,
				"target_id": 1016
			},
			{
				"source_id": 413,
				"target_id": 545
			},
			{
				"source_id": 413,
				"target_id": 821
			},
			{
				"source_id": 413,
				"target_id": 3536
			},
			{
				"source_id": 422,
				"target_id": 510
			},
			{
				"source_id": 422,
				"target_id": 591
			},
			{
				"source_id": 428,
				"target_id": 545
			},
			{
				"source_id": 428,
				"target_id": 1081
			},
			{
				"source_id": 510,
				"target_id": 836
			},
			{
				"source_id": 510,
				"target_id": 1567
			},
			{
				"source_id": 533,
				"target_id": 1435
			},
			{
				"source_id": 539,
				"target_id": 619
			},
			{
				"source_id": 555,
				"target_id": 1016
			},
			{
				"source_id": 559,
				"target_id": 1689
			},
			{
				"source_id": 559,
				"target_id": 2453
			},
			{
				"source_id": 572,
				"target_id": 1567
			},
			{
				"source_id": 591,
				"target_id": 1016
			},
			{
				"source_id": 619,
				"target_id": 651
			},
			{
				"source_id": 619,
				"target_id": 687
			},
			{
				"source_id": 619,
				"target_id": 771
			},
			{
				"source_id": 619,
				"target_id": 1201
			},
			{
				"source_id": 619,
				"target_id": 1541
			},
			{
				"source_id": 619,
				"target_id": 4126
			},
			{
				"source_id": 651,
				"target_id": 935
			},
			{
				"source_id": 651,
				"target_id": 1092
			},
			{
				"source_id": 651,
				"target_id": 1340
			},
			{
				"source_id": 651,
				"target_id": 1689
			},
			{
				"source_id": 651,
				"target_id": 2453
			},
			{
				"source_id": 651,
				"target_id": 2741
			},
			{
				"source_id": 771,
				"target_id": 1689
			},
			{
				"source_id": 771,
				"target_id": 2453
			},
			{
				"source_id": 771,
				"target_id": 2741
			},
			{
				"source_id": 813,
				"target_id": 1435
			},
			{
				"source_id": 821,
				"target_id": 836
			},
			{
				"source_id": 821,
				"target_id": 1632
			},
			{
				"source_id": 836,
				"target_id": 3536
			},
			{
				"source_id": 836,
				"target_id": 4492
			},
			{
				"source_id": 935,
				"target_id": 1092
			},
			{
				"source_id": 935,
				"target_id": 1414
			},
			{
				"source_id": 1016,
				"target_id": 1541
			},
			{
				"source_id": 1016,
				"target_id": 1734
			},
			{
				"source_id": 1047,
				"target_id": 1305
			},
			{
				"source_id": 1092,
				"target_id": 1541
			},
			{
				"source_id": 1092,
				"target_id": 4126
			},
			{
				"source_id": 1340,
				"target_id": 1414
			},
			{
				"source_id": 1541,
				"target_id": 2741
			},
			{
				"source_id": 1567,
				"target_id": 5237
			},
			{
				"source_id": 2741,
				"target_id": 4126
			}
		]
	}
}
