﻿{
	"network": {
		"items": [
			{
				"id": 67,
				"label": "a. la rocca",
				"x": -0.7303,
				"y": -0.0776,
				"cluster": 5,
				"weights": {
					"Links": 5.0000,
					"Total link strength": 6.0000,
					"Documents": 3.0000,
					"Citations": 1.0000,
					"Norm. citations": 1.2590
				},
				"scores": {
					"Avg. pub. year": 2015.3333,
					"Avg. citations": 0.3333,
					"Avg. norm. citations": 0.4197
				}
			},
			{
				"id": 397,
				"label": "alberto broatch",
				"x": 0.5975,
				"y": -0.1477,
				"cluster": 2,
				"weights": {
					"Links": 3.0000,
					"Total link strength": 3.0000,
					"Documents": 2.0000,
					"Citations": 2.0000,
					"Norm. citations": 0.6150
				},
				"scores": {
					"Avg. pub. year": 2020.5000,
					"Avg. citations": 1.0000,
					"Avg. norm. citations": 0.3075
				}
			},
			{
				"id": 791,
				"label": "andrew lewis",
				"x": -0.2481,
				"y": 0.1566,
				"cluster": 1,
				"weights": {
					"Links": 7.0000,
					"Total link strength": 12.0000,
					"Documents": 3.0000,
					"Citations": 15.0000,
					"Norm. citations": 4.8007
				},
				"scores": {
					"Avg. pub. year": 2012.3333,
					"Avg. citations": 5.0000,
					"Avg. norm. citations": 1.6002
				}
			},
			{
				"id": 1352,
				"label": "bernd mahr",
				"x": -1.2654,
				"y": -0.1523,
				"cluster": 4,
				"weights": {
					"Links": 3.0000,
					"Total link strength": 5.0000,
					"Documents": 2.0000,
					"Citations": 1.0000,
					"Norm. citations": 0.4128
				},
				"scores": {
					"Avg. pub. year": 2013.0000,
					"Avg. citations": 0.5000,
					"Avg. norm. citations": 0.2064
				}
			},
			{
				"id": 1532,
				"label": "brian dondlinger",
				"x": 0.8709,
				"y": -0.6896,
				"cluster": 6,
				"weights": {
					"Links": 1.0000,
					"Total link strength": 6.0000,
					"Documents": 6.0000,
					"Citations": 2.0000,
					"Norm. citations": 0.4582
				},
				"scores": {
					"Avg. pub. year": 2015.0000,
					"Avg. citations": 0.3333,
					"Avg. norm. citations": 0.0764
				}
			},
			{
				"id": 1596,
				"label": "c. carey",
				"x": -0.0566,
				"y": 0.5172,
				"cluster": 1,
				"weights": {
					"Links": 9.0000,
					"Total link strength": 15.0000,
					"Documents": 2.0000,
					"Citations": 39.0000,
					"Norm. citations": 8.2675
				},
				"scores": {
					"Avg. pub. year": 2011.5000,
					"Avg. citations": 19.5000,
					"Avg. norm. citations": 4.1337
				}
			},
			{
				"id": 1708,
				"label": "carlos guardiola",
				"x": 1.0225,
				"y": 0.1300,
				"cluster": 3,
				"weights": {
					"Links": 2.0000,
					"Total link strength": 3.0000,
					"Documents": 4.0000,
					"Citations": 44.0000,
					"Norm. citations": 7.6073
				},
				"scores": {
					"Avg. pub. year": 2015.7500,
					"Avg. citations": 11.0000,
					"Avg. norm. citations": 1.9018
				}
			},
			{
				"id": 1950,
				"label": "chris brace",
				"x": 0.0342,
				"y": 0.2148,
				"cluster": 1,
				"weights": {
					"Links": 13.0000,
					"Total link strength": 25.0000,
					"Documents": 6.0000,
					"Citations": 46.0000,
					"Norm. citations": 13.0357
				},
				"scores": {
					"Avg. pub. year": 2012.6667,
					"Avg. citations": 7.6667,
					"Avg. norm. citations": 2.1726
				}
			},
			{
				"id": 2183,
				"label": "colin copeland",
				"x": -0.0264,
				"y": 0.3758,
				"cluster": 1,
				"weights": {
					"Links": 10.0000,
					"Total link strength": 21.0000,
					"Documents": 3.0000,
					"Citations": 47.0000,
					"Norm. citations": 11.5701
				},
				"scores": {
					"Avg. pub. year": 2012.3333,
					"Avg. citations": 15.6667,
					"Avg. norm. citations": 3.8567
				}
			},
			{
				"id": 3880,
				"label": "geoff capon",
				"x": 0.2361,
				"y": 0.0639,
				"cluster": 2,
				"weights": {
					"Links": 3.0000,
					"Total link strength": 3.0000,
					"Documents": 2.0000,
					"Citations": 1.0000,
					"Norm. citations": 0.4128
				},
				"scores": {
					"Avg. pub. year": 2012.5000,
					"Avg. citations": 0.5000,
					"Avg. norm. citations": 0.2064
				}
			},
			{
				"id": 4323,
				"label": "haiwen ge",
				"x": 0.6697,
				"y": -0.4943,
				"cluster": 2,
				"weights": {
					"Links": 2.0000,
					"Total link strength": 4.0000,
					"Documents": 2.0000,
					"Citations": 3.0000,
					"Norm. citations": 0.6163
				},
				"scores": {
					"Avg. pub. year": 2011.0000,
					"Avg. citations": 1.5000,
					"Avg. norm. citations": 0.3082
				}
			},
			{
				"id": 4888,
				"label": "j. galindo",
				"x": 0.7763,
				"y": 0.0570,
				"cluster": 3,
				"weights": {
					"Links": 3.0000,
					"Total link strength": 5.0000,
					"Documents": 3.0000,
					"Citations": 21.0000,
					"Norm. citations": 2.1763
				},
				"scores": {
					"Avg. pub. year": 2010.6667,
					"Avg. citations": 7.0000,
					"Avg. norm. citations": 0.7254
				}
			},
			{
				"id": 5077,
				"label": "james taylor",
				"x": -1.1877,
				"y": -0.2754,
				"cluster": 4,
				"weights": {
					"Links": 5.0000,
					"Total link strength": 5.0000,
					"Documents": 2.0000,
					"Citations": 1.0000,
					"Norm. citations": 0.2054
				},
				"scores": {
					"Avg. pub. year": 2011.5000,
					"Avg. citations": 0.5000,
					"Avg. norm. citations": 0.1027
				}
			},
			{
				"id": 5078,
				"label": "james turner",
				"x": -0.2470,
				"y": 0.4603,
				"cluster": 1,
				"weights": {
					"Links": 10.0000,
					"Total link strength": 22.0000,
					"Documents": 6.0000,
					"Citations": 61.0000,
					"Norm. citations": 21.4498
				},
				"scores": {
					"Avg. pub. year": 2015.5000,
					"Avg. citations": 10.1667,
					"Avg. norm. citations": 3.5750
				}
			},
			{
				"id": 5716,
				"label": "jonathan hall",
				"x": -0.8601,
				"y": -0.1260,
				"cluster": 5,
				"weights": {
					"Links": 2.0000,
					"Total link strength": 3.0000,
					"Documents": 2.0000,
					"Citations": 1.0000,
					"Norm. citations": 1.2590
				},
				"scores": {
					"Avg. pub. year": 2020.5000,
					"Avg. citations": 0.5000,
					"Avg. norm. citations": 0.6295
				}
			},
			{
				"id": 5831,
				"label": "josé ramón serrano",
				"x": 0.7096,
				"y": -0.0156,
				"cluster": 3,
				"weights": {
					"Links": 5.0000,
					"Total link strength": 7.0000,
					"Documents": 4.0000,
					"Citations": 22.0000,
					"Norm. citations": 2.5235
				},
				"scores": {
					"Avg. pub. year": 2012.7500,
					"Avg. citations": 5.5000,
					"Avg. norm. citations": 0.6309
				}
			},
			{
				"id": 6334,
				"label": "kevin hoag",
				"x": 0.8263,
				"y": -0.6272,
				"cluster": 6,
				"weights": {
					"Links": 2.0000,
					"Total link strength": 7.0000,
					"Documents": 8.0000,
					"Citations": 2.0000,
					"Norm. citations": 0.4582
				},
				"scores": {
					"Avg. pub. year": 2014.5000,
					"Avg. citations": 0.2500,
					"Avg. norm. citations": 0.0573
				}
			},
			{
				"id": 6970,
				"label": "luigi del re",
				"x": 1.1019,
				"y": 0.1643,
				"cluster": 3,
				"weights": {
					"Links": 2.0000,
					"Total link strength": 4.0000,
					"Documents": 7.0000,
					"Citations": 33.0000,
					"Norm. citations": 5.3235
				},
				"scores": {
					"Avg. pub. year": 2014.4286,
					"Avg. citations": 4.7143,
					"Avg. norm. citations": 0.7605
				}
			},
			{
				"id": 7107,
				"label": "m. mcallister",
				"x": 0.0657,
				"y": 0.4813,
				"cluster": 1,
				"weights": {
					"Links": 9.0000,
					"Total link strength": 9.0000,
					"Documents": 2.0000,
					"Citations": 22.0000,
					"Norm. citations": 4.5195
				},
				"scores": {
					"Avg. pub. year": 2014.0000,
					"Avg. citations": 11.0000,
					"Avg. norm. citations": 2.2598
				}
			},
			{
				"id": 7405,
				"label": "marco warth",
				"x": -1.1680,
				"y": -0.1707,
				"cluster": 4,
				"weights": {
					"Links": 5.0000,
					"Total link strength": 7.0000,
					"Documents": 3.0000,
					"Citations": 4.0000,
					"Norm. citations": 1.0291
				},
				"scores": {
					"Avg. pub. year": 2012.3333,
					"Avg. citations": 1.3333,
					"Avg. norm. citations": 0.3430
				}
			},
			{
				"id": 7554,
				"label": "markus hirsch",
				"x": 1.1614,
				"y": 0.1893,
				"cluster": 3,
				"weights": {
					"Links": 1.0000,
					"Total link strength": 2.0000,
					"Documents": 3.0000,
					"Citations": 26.0000,
					"Norm. citations": 3.9005
				},
				"scores": {
					"Avg. pub. year": 2010.3333,
					"Avg. citations": 8.6667,
					"Avg. norm. citations": 1.3002
				}
			},
			{
				"id": 7901,
				"label": "michael bassett",
				"x": -0.9402,
				"y": -0.1567,
				"cluster": 5,
				"weights": {
					"Links": 4.0000,
					"Total link strength": 5.0000,
					"Documents": 4.0000,
					"Citations": 9.0000,
					"Norm. citations": 4.9549
				},
				"scores": {
					"Avg. pub. year": 2018.2500,
					"Avg. citations": 2.2500,
					"Avg. norm. citations": 1.2387
				}
			},
			{
				"id": 7959,
				"label": "michael mcghee",
				"x": -0.6082,
				"y": -0.0729,
				"cluster": 5,
				"weights": {
					"Links": 3.0000,
					"Total link strength": 3.0000,
					"Documents": 2.0000,
					"Citations": 0.0000,
					"Norm. citations": 0.0000
				},
				"scores": {
					"Avg. pub. year": 2017.5000,
					"Avg. citations": 0.0000,
					"Avg. norm. citations": 0.0000
				}
			},
			{
				"id": 8426,
				"label": "n. luard",
				"x": -0.1672,
				"y": 0.3186,
				"cluster": 1,
				"weights": {
					"Links": 10.0000,
					"Total link strength": 24.0000,
					"Documents": 4.0000,
					"Citations": 51.0000,
					"Norm. citations": 12.4519
				},
				"scores": {
					"Avg. pub. year": 2012.2500,
					"Avg. citations": 12.7500,
					"Avg. norm. citations": 3.1130
				}
			},
			{
				"id": 8558,
				"label": "neil fraser",
				"x": -1.0729,
				"y": -0.2557,
				"cluster": 4,
				"weights": {
					"Links": 4.0000,
					"Total link strength": 4.0000,
					"Documents": 2.0000,
					"Citations": 4.0000,
					"Norm. citations": 0.8217
				},
				"scores": {
					"Avg. pub. year": 2011.0000,
					"Avg. citations": 2.0000,
					"Avg. norm. citations": 0.4109
				}
			},
			{
				"id": 8910,
				"label": "p. a. lakshminarayanan",
				"x": 0.8372,
				"y": 0.0018,
				"cluster": 3,
				"weights": {
					"Links": 3.0000,
					"Total link strength": 3.0000,
					"Documents": 4.0000,
					"Citations": 2.0000,
					"Norm. citations": 0.4780
				},
				"scores": {
					"Avg. pub. year": 2016.2500,
					"Avg. citations": 0.5000,
					"Avg. norm. citations": 0.1195
				}
			},
			{
				"id": 8940,
				"label": "p. j. shayler",
				"x": -0.6561,
				"y": -0.0130,
				"cluster": 5,
				"weights": {
					"Links": 3.0000,
					"Total link strength": 4.0000,
					"Documents": 3.0000,
					"Citations": 8.0000,
					"Norm. citations": 2.0914
				},
				"scores": {
					"Avg. pub. year": 2012.0000,
					"Avg. citations": 2.6667,
					"Avg. norm. citations": 0.6971
				}
			},
			{
				"id": 8946,
				"label": "p. k. senecal",
				"x": 0.6193,
				"y": -0.2492,
				"cluster": 2,
				"weights": {
					"Links": 2.0000,
					"Total link strength": 2.0000,
					"Documents": 2.0000,
					"Citations": 2.0000,
					"Norm. citations": 0.4285
				},
				"scores": {
					"Avg. pub. year": 2011.5000,
					"Avg. citations": 1.0000,
					"Avg. norm. citations": 0.2142
				}
			},
			{
				"id": 9001,
				"label": "pablo olmeda",
				"x": 0.5200,
				"y": -0.0545,
				"cluster": 2,
				"weights": {
					"Links": 3.0000,
					"Total link strength": 3.0000,
					"Documents": 2.0000,
					"Citations": 16.0000,
					"Norm. citations": 6.5396
				},
				"scores": {
					"Avg. pub. year": 2016.5000,
					"Avg. citations": 8.0000,
					"Avg. norm. citations": 3.2698
				}
			},
			{
				"id": 9131,
				"label": "paul freeland",
				"x": -1.2840,
				"y": -0.2259,
				"cluster": 4,
				"weights": {
					"Links": 3.0000,
					"Total link strength": 5.0000,
					"Documents": 2.0000,
					"Citations": 1.0000,
					"Norm. citations": 0.4128
				},
				"scores": {
					"Avg. pub. year": 2013.0000,
					"Avg. citations": 0.5000,
					"Avg. norm. citations": 0.2064
				}
			},
			{
				"id": 9197,
				"label": "pedro piqueras",
				"x": 0.8940,
				"y": 0.0721,
				"cluster": 3,
				"weights": {
					"Links": 4.0000,
					"Total link strength": 4.0000,
					"Documents": 2.0000,
					"Citations": 17.0000,
					"Norm. citations": 3.4924
				},
				"scores": {
					"Avg. pub. year": 2016.0000,
					"Avg. citations": 8.5000,
					"Avg. norm. citations": 1.7462
				}
			},
			{
				"id": 9736,
				"label": "r.f. martinez-botas",
				"x": -0.1361,
				"y": 0.4310,
				"cluster": 1,
				"weights": {
					"Links": 10.0000,
					"Total link strength": 21.0000,
					"Documents": 3.0000,
					"Citations": 47.0000,
					"Norm. citations": 11.5701
				},
				"scores": {
					"Avg. pub. year": 2012.3333,
					"Avg. citations": 15.6667,
					"Avg. norm. citations": 3.8567
				}
			},
			{
				"id": 9972,
				"label": "rené dingelstadt",
				"x": -1.1165,
				"y": -0.3266,
				"cluster": 4,
				"weights": {
					"Links": 2.0000,
					"Total link strength": 2.0000,
					"Documents": 2.0000,
					"Citations": 1.0000,
					"Norm. citations": 0.2054
				},
				"scores": {
					"Avg. pub. year": 2014.0000,
					"Avg. citations": 0.5000,
					"Avg. norm. citations": 0.1027
				}
			},
			{
				"id": 10027,
				"label": "richard burke",
				"x": 0.3449,
				"y": 0.0197,
				"cluster": 2,
				"weights": {
					"Links": 4.0000,
					"Total link strength": 4.0000,
					"Documents": 2.0000,
					"Citations": 16.0000,
					"Norm. citations": 6.6051
				},
				"scores": {
					"Avg. pub. year": 2014.0000,
					"Avg. citations": 8.0000,
					"Avg. norm. citations": 3.3026
				}
			},
			{
				"id": 10047,
				"label": "richard pearson",
				"x": -0.1718,
				"y": 0.5870,
				"cluster": 1,
				"weights": {
					"Links": 9.0000,
					"Total link strength": 16.0000,
					"Documents": 3.0000,
					"Citations": 46.0000,
					"Norm. citations": 9.3343
				},
				"scores": {
					"Avg. pub. year": 2011.0000,
					"Avg. citations": 15.3333,
					"Avg. norm. citations": 3.1114
				}
			},
			{
				"id": 10208,
				"label": "rolf d. reitz",
				"x": 0.6566,
				"y": -0.4045,
				"cluster": 2,
				"weights": {
					"Links": 4.0000,
					"Total link strength": 6.0000,
					"Documents": 7.0000,
					"Citations": 8.0000,
					"Norm. citations": 1.2391
				},
				"scores": {
					"Avg. pub. year": 2009.1429,
					"Avg. citations": 1.1429,
					"Avg. norm. citations": 0.1770
				}
			},
			{
				"id": 10532,
				"label": "sam akehurst",
				"x": -0.0507,
				"y": 0.1534,
				"cluster": 1,
				"weights": {
					"Links": 13.0000,
					"Total link strength": 25.0000,
					"Documents": 6.0000,
					"Citations": 46.0000,
					"Norm. citations": 13.0357
				},
				"scores": {
					"Avg. pub. year": 2012.6667,
					"Avg. citations": 7.6667,
					"Avg. norm. citations": 2.1726
				}
			},
			{
				"id": 11303,
				"label": "steve richardson",
				"x": -0.0294,
				"y": 0.6207,
				"cluster": 1,
				"weights": {
					"Links": 9.0000,
					"Total link strength": 15.0000,
					"Documents": 2.0000,
					"Citations": 39.0000,
					"Norm. citations": 8.2675
				},
				"scores": {
					"Avg. pub. year": 2011.5000,
					"Avg. citations": 19.5000,
					"Avg. norm. citations": 4.1337
				}
			},
			{
				"id": 13353,
				"label": "yu shi",
				"x": 0.6005,
				"y": -0.4819,
				"cluster": 2,
				"weights": {
					"Links": 2.0000,
					"Total link strength": 4.0000,
					"Documents": 2.0000,
					"Citations": 3.0000,
					"Norm. citations": 0.6163
				},
				"scores": {
					"Avg. pub. year": 2011.0000,
					"Avg. citations": 1.5000,
					"Avg. norm. citations": 0.3082
				}
			},
			{
				"id": 13828,
				"label": "ıan pegg",
				"x": -0.5222,
				"y": 0.0022,
				"cluster": 5,
				"weights": {
					"Links": 6.0000,
					"Total link strength": 6.0000,
					"Documents": 2.0000,
					"Citations": 3.0000,
					"Norm. citations": 0.6163
				},
				"scores": {
					"Avg. pub. year": 2011.5000,
					"Avg. citations": 1.5000,
					"Avg. norm. citations": 0.3082
				}
			}
		],
		"links": [
			{
				"source_id": 67,
				"target_id": 5716,
				"strength": 1.0000
			},
			{
				"source_id": 67,
				"target_id": 7901,
				"strength": 1.0000
			},
			{
				"source_id": 67,
				"target_id": 7959,
				"strength": 1.0000
			},
			{
				"source_id": 67,
				"target_id": 8940,
				"strength": 2.0000
			},
			{
				"source_id": 67,
				"target_id": 13828,
				"strength": 1.0000
			},
			{
				"source_id": 397,
				"target_id": 5831,
				"strength": 1.0000
			},
			{
				"source_id": 397,
				"target_id": 8946,
				"strength": 1.0000
			},
			{
				"source_id": 397,
				"target_id": 9001,
				"strength": 1.0000
			},
			{
				"source_id": 791,
				"target_id": 1950,
				"strength": 3.0000
			},
			{
				"source_id": 791,
				"target_id": 2183,
				"strength": 1.0000
			},
			{
				"source_id": 791,
				"target_id": 5078,
				"strength": 1.0000
			},
			{
				"source_id": 791,
				"target_id": 8426,
				"strength": 2.0000
			},
			{
				"source_id": 791,
				"target_id": 9736,
				"strength": 1.0000
			},
			{
				"source_id": 791,
				"target_id": 10532,
				"strength": 3.0000
			},
			{
				"source_id": 791,
				"target_id": 13828,
				"strength": 1.0000
			},
			{
				"source_id": 1352,
				"target_id": 5077,
				"strength": 1.0000
			},
			{
				"source_id": 1352,
				"target_id": 7405,
				"strength": 2.0000
			},
			{
				"source_id": 1352,
				"target_id": 9131,
				"strength": 2.0000
			},
			{
				"source_id": 1532,
				"target_id": 6334,
				"strength": 6.0000
			},
			{
				"source_id": 1596,
				"target_id": 1950,
				"strength": 1.0000
			},
			{
				"source_id": 1596,
				"target_id": 2183,
				"strength": 2.0000
			},
			{
				"source_id": 1596,
				"target_id": 5078,
				"strength": 2.0000
			},
			{
				"source_id": 1596,
				"target_id": 7107,
				"strength": 1.0000
			},
			{
				"source_id": 1596,
				"target_id": 8426,
				"strength": 2.0000
			},
			{
				"source_id": 1596,
				"target_id": 9736,
				"strength": 2.0000
			},
			{
				"source_id": 1596,
				"target_id": 10047,
				"strength": 2.0000
			},
			{
				"source_id": 1596,
				"target_id": 10532,
				"strength": 1.0000
			},
			{
				"source_id": 1596,
				"target_id": 11303,
				"strength": 2.0000
			},
			{
				"source_id": 1708,
				"target_id": 6970,
				"strength": 2.0000
			},
			{
				"source_id": 1708,
				"target_id": 9197,
				"strength": 1.0000
			},
			{
				"source_id": 1950,
				"target_id": 2183,
				"strength": 2.0000
			},
			{
				"source_id": 1950,
				"target_id": 3880,
				"strength": 1.0000
			},
			{
				"source_id": 1950,
				"target_id": 5078,
				"strength": 2.0000
			},
			{
				"source_id": 1950,
				"target_id": 7107,
				"strength": 1.0000
			},
			{
				"source_id": 1950,
				"target_id": 8426,
				"strength": 3.0000
			},
			{
				"source_id": 1950,
				"target_id": 9736,
				"strength": 2.0000
			},
			{
				"source_id": 1950,
				"target_id": 10027,
				"strength": 1.0000
			},
			{
				"source_id": 1950,
				"target_id": 10047,
				"strength": 1.0000
			},
			{
				"source_id": 1950,
				"target_id": 10532,
				"strength": 6.0000
			},
			{
				"source_id": 1950,
				"target_id": 11303,
				"strength": 1.0000
			},
			{
				"source_id": 1950,
				"target_id": 13828,
				"strength": 1.0000
			},
			{
				"source_id": 2183,
				"target_id": 5078,
				"strength": 3.0000
			},
			{
				"source_id": 2183,
				"target_id": 7107,
				"strength": 1.0000
			},
			{
				"source_id": 2183,
				"target_id": 8426,
				"strength": 3.0000
			},
			{
				"source_id": 2183,
				"target_id": 9736,
				"strength": 3.0000
			},
			{
				"source_id": 2183,
				"target_id": 10047,
				"strength": 2.0000
			},
			{
				"source_id": 2183,
				"target_id": 10532,
				"strength": 2.0000
			},
			{
				"source_id": 2183,
				"target_id": 11303,
				"strength": 2.0000
			},
			{
				"source_id": 3880,
				"target_id": 10027,
				"strength": 1.0000
			},
			{
				"source_id": 3880,
				"target_id": 10532,
				"strength": 1.0000
			},
			{
				"source_id": 4323,
				"target_id": 10208,
				"strength": 2.0000
			},
			{
				"source_id": 4323,
				"target_id": 13353,
				"strength": 2.0000
			},
			{
				"source_id": 4888,
				"target_id": 5831,
				"strength": 3.0000
			},
			{
				"source_id": 4888,
				"target_id": 8910,
				"strength": 1.0000
			},
			{
				"source_id": 4888,
				"target_id": 9197,
				"strength": 1.0000
			},
			{
				"source_id": 5077,
				"target_id": 7405,
				"strength": 1.0000
			},
			{
				"source_id": 5077,
				"target_id": 8558,
				"strength": 1.0000
			},
			{
				"source_id": 5077,
				"target_id": 9131,
				"strength": 1.0000
			},
			{
				"source_id": 5077,
				"target_id": 9972,
				"strength": 1.0000
			},
			{
				"source_id": 5078,
				"target_id": 7107,
				"strength": 1.0000
			},
			{
				"source_id": 5078,
				"target_id": 8426,
				"strength": 3.0000
			},
			{
				"source_id": 5078,
				"target_id": 9736,
				"strength": 3.0000
			},
			{
				"source_id": 5078,
				"target_id": 10047,
				"strength": 3.0000
			},
			{
				"source_id": 5078,
				"target_id": 10532,
				"strength": 2.0000
			},
			{
				"source_id": 5078,
				"target_id": 11303,
				"strength": 2.0000
			},
			{
				"source_id": 5716,
				"target_id": 7901,
				"strength": 2.0000
			},
			{
				"source_id": 5831,
				"target_id": 8910,
				"strength": 1.0000
			},
			{
				"source_id": 5831,
				"target_id": 9001,
				"strength": 1.0000
			},
			{
				"source_id": 5831,
				"target_id": 9197,
				"strength": 1.0000
			},
			{
				"source_id": 6334,
				"target_id": 10208,
				"strength": 1.0000
			},
			{
				"source_id": 6970,
				"target_id": 7554,
				"strength": 2.0000
			},
			{
				"source_id": 7107,
				"target_id": 8426,
				"strength": 1.0000
			},
			{
				"source_id": 7107,
				"target_id": 9736,
				"strength": 1.0000
			},
			{
				"source_id": 7107,
				"target_id": 10047,
				"strength": 1.0000
			},
			{
				"source_id": 7107,
				"target_id": 10532,
				"strength": 1.0000
			},
			{
				"source_id": 7107,
				"target_id": 11303,
				"strength": 1.0000
			},
			{
				"source_id": 7405,
				"target_id": 7901,
				"strength": 1.0000
			},
			{
				"source_id": 7405,
				"target_id": 8558,
				"strength": 1.0000
			},
			{
				"source_id": 7405,
				"target_id": 9131,
				"strength": 2.0000
			},
			{
				"source_id": 7901,
				"target_id": 8558,
				"strength": 1.0000
			},
			{
				"source_id": 7959,
				"target_id": 8940,
				"strength": 1.0000
			},
			{
				"source_id": 7959,
				"target_id": 13828,
				"strength": 1.0000
			},
			{
				"source_id": 8426,
				"target_id": 9736,
				"strength": 3.0000
			},
			{
				"source_id": 8426,
				"target_id": 10047,
				"strength": 2.0000
			},
			{
				"source_id": 8426,
				"target_id": 10532,
				"strength": 3.0000
			},
			{
				"source_id": 8426,
				"target_id": 11303,
				"strength": 2.0000
			},
			{
				"source_id": 8558,
				"target_id": 9972,
				"strength": 1.0000
			},
			{
				"source_id": 8910,
				"target_id": 9197,
				"strength": 1.0000
			},
			{
				"source_id": 8940,
				"target_id": 13828,
				"strength": 1.0000
			},
			{
				"source_id": 8946,
				"target_id": 10208,
				"strength": 1.0000
			},
			{
				"source_id": 9001,
				"target_id": 10027,
				"strength": 1.0000
			},
			{
				"source_id": 9736,
				"target_id": 10047,
				"strength": 2.0000
			},
			{
				"source_id": 9736,
				"target_id": 10532,
				"strength": 2.0000
			},
			{
				"source_id": 9736,
				"target_id": 11303,
				"strength": 2.0000
			},
			{
				"source_id": 10027,
				"target_id": 10532,
				"strength": 1.0000
			},
			{
				"source_id": 10047,
				"target_id": 10532,
				"strength": 1.0000
			},
			{
				"source_id": 10047,
				"target_id": 11303,
				"strength": 2.0000
			},
			{
				"source_id": 10208,
				"target_id": 13353,
				"strength": 2.0000
			},
			{
				"source_id": 10532,
				"target_id": 11303,
				"strength": 1.0000
			},
			{
				"source_id": 10532,
				"target_id": 13828,
				"strength": 1.0000
			}
		]
	}
}
